MSS,Image,Model,MMvec,MMdir,MMlen,MMpos,MMtime
1,grayscale_10_housebeautiful.jpg,elm_base,0.8934919892504144,0.7228368008506502,0.8974015171926503,0.8325340326895923,0.34144444444444444
1,grayscale_10_housebeautiful.jpg,elm_final,0.8968971523078301,0.6761258020112124,0.899435059903183,0.8061488770036518,0.31311111111111106
1,grayscale_10_housebeautiful.jpg,nnIBS,0.886583639772382,0.7184044130410272,0.8898645091614857,0.838096239743603,0.34144444444444444
1,grayscale_10_kitchen.jpg,elm_base,0.893803372643263,0.580669341124972,0.8648839343042186,0.7946238053478587,0.10811111111111114
1,grayscale_10_kitchen.jpg,elm_final,0.9254152281462397,0.6828329798521654,0.8969403510323196,0.8404826845485506,0.14902777777777781
1,grayscale_10_kitchen.jpg,nnIBS,0.8895317218106165,0.5619773912978423,0.859371326825935,0.8014704697768787,0.10811111111111114
1,grayscale_10_oliva.jpg,elm_final,0.8990289096192053,0.715197756363468,0.9065983005625052,0.7664584949821982,0.058666666666666645
1,grayscale_11_kitchen.jpg,elm_base,0.9104681595902905,0.6636339758413476,0.9220170533308144,0.8980621493731533,0.10333333333333333
1,grayscale_11_kitchen.jpg,elm_final,0.9338729792916306,0.7723223189521256,0.9338900298619264,0.9052945539933887,0.12598717948717947
1,grayscale_11_kitchen.jpg,nnIBS,0.907970414902602,0.6997022593848119,0.911800935595746,0.895960777744294,0.1773846153846154
1,grayscale_11_oliva.jpg,elm_base,0.9245415836745604,0.8305543351296913,0.9072161080802212,0.8669832456290674,0.07932926829268294
1,grayscale_11_oliva.jpg,elm_final,0.9267963908726662,0.7847803348830861,0.9281908348902967,0.8509325203817039,0.08237804878048781
1,grayscale_11_oliva.jpg,nnIBS,0.9245415836745604,0.8305543351296913,0.9072161080802212,0.8669832456290674,0.07932926829268294
1,grayscale_11_opensource.jpg,elm_base,0.9104806661735073,0.6662718113520028,0.9136671294879687,0.8074779343305099,0.11838666666666668
1,grayscale_11_opensource.jpg,elm_final,0.9153670256492842,0.7154945335364551,0.9107758685213255,0.8266149471952603,0.09433333333333335
1,grayscale_11_opensource.jpg,nnIBS,0.9086506062719222,0.7463391520636936,0.8983930442721365,0.808774073002713,0.11042666666666667
1,grayscale_12_housebeautiful.jpg,elm_base,0.9163681365419856,0.6634119069898623,0.9164544243378556,0.8304569692893106,0.10033333333333334
1,grayscale_12_housebeautiful.jpg,elm_final,0.9249734695114133,0.6296668801104326,0.9175101851984508,0.8290211677650405,0.1060952380952381
1,grayscale_12_housebeautiful.jpg,nnIBS,0.9163681365419856,0.6634119069898623,0.9164544243378556,0.8304569692893106,0.10033333333333334
1,grayscale_13_kitchen.jpg,elm_base,0.9227683334742308,0.7130846093070154,0.9088593501601353,0.8494800875192751,0.09194444444444444
1,grayscale_13_kitchen.jpg,elm_final,0.9427216121857512,0.8038846264488292,0.9188154806245978,0.8412237982005594,0.08827160493827159
1,grayscale_13_oliva.jpg,elm_base,0.9549522810304268,0.8118561922037121,0.9468035195881211,0.8986612887879211,0.09444047619047621
1,grayscale_13_oliva.jpg,elm_final,0.9523740696616069,0.8213102005103011,0.9528553272469583,0.9498396352456074,0.13686904761904767
1,grayscale_13_oliva.jpg,nnIBS,0.9465776782024552,0.7124344344678376,0.9489334100838673,0.9373059027847244,0.08730952380952382
1,grayscale_13_opensource.jpg,elm_base,0.9188582702890948,0.6969904892656356,0.8841046471891377,0.8286638001130956,0.3129166666666667
1,grayscale_13_opensource.jpg,elm_final,0.918365958343653,0.7368077283870716,0.8968156377270354,0.8571712395440002,0.15644444444444447
1,grayscale_13_opensource.jpg,nnIBS,0.9153386881020821,0.6466604138269244,0.908592824583787,0.8538752667592945,0.24505555555555558
1,grayscale_13_other.jpg,elm_base,0.9080271612237225,0.7006589758049798,0.9088302349727864,0.8189540148261696,0.18946666666666667
1,grayscale_13_other.jpg,elm_final,0.9260855774620232,0.7179026273970149,0.9342364945212159,0.828916655946277,0.20305555555555557
1,grayscale_13_other.jpg,nnIBS,0.9107352077379348,0.7018964278585111,0.9181857083618337,0.8362208154167673,0.1751
1,grayscale_14_airbnb.jpg,elm_final,0.9192807000465303,0.781196834533129,0.9242794666883599,0.831847860850482,0.09489130434782611
1,grayscale_14_housebeautiful.jpg,elm_base,0.8818808042574242,0.6268075323096016,0.8935184894167593,0.7700892729533356,0.09690000000000001
1,grayscale_14_housebeautiful.jpg,elm_final,0.8842354783455221,0.6372928030111407,0.9008150753931247,0.7690461163461184,0.09694761904761906
1,grayscale_14_housebeautiful.jpg,nnIBS,0.8790735896557905,0.6120460282869515,0.875726733860763,0.7658001128565518,0.11895238095238098
1,grayscale_14_oliva.jpg,elm_base,0.90077318340867,0.7550517059007001,0.8811251707583138,0.8033727053229536,0.08270542635658916
1,grayscale_14_oliva.jpg,elm_final,0.8914432266998099,0.8437782235890345,0.8375935767970603,0.7699303630982338,0.10264728682170543
1,grayscale_14_oliva.jpg,nnIBS,0.90077318340867,0.7550517059007001,0.8811251707583138,0.8033727053229536,0.08270542635658916
1,grayscale_14_other.jpg,elm_final,0.9361214329903337,0.7918210909849515,0.9343538963166231,0.8566645502002157,0.08706666666666665
1,grayscale_15_housebeautiful.jpg,elm_base,0.9064494530104938,0.6707991345450117,0.8963971737462488,0.8003060833599527,0.09509009009009012
1,grayscale_15_housebeautiful.jpg,elm_final,0.9146219024895951,0.6920836948130958,0.8998161619206486,0.7992200068634668,0.08237837837837839
1,grayscale_15_housebeautiful.jpg,nnIBS,0.9038414235900324,0.6696085321276957,0.8915281215806428,0.822266233352649,0.09737837837837841
1,grayscale_15_kitchen.jpg,elm_base,0.9043592273766923,0.6831722630837296,0.8914958472911815,0.8260269975128209,0.08888596491228072
1,grayscale_15_kitchen.jpg,elm_final,0.9277739449432424,0.8192849677552834,0.9091681598319715,0.8804673398539506,0.0970043859649123
1,grayscale_15_kitchen.jpg,nnIBS,0.9079556095467297,0.6882221148587042,0.8790603915030863,0.8390624370524766,0.08781140350877192
1,grayscale_15_oliva.jpg,elm_base,0.9469262749349975,0.7436002173702344,0.9352679490331839,0.8902756707492848,0.07547916666666665
1,grayscale_15_oliva.jpg,elm_final,0.944570516669571,0.6864244846908142,0.9458859100452026,0.8976532283980341,0.07690833333333333
1,grayscale_15_oliva.jpg,nnIBS,0.9302861706205452,0.6882266819566765,0.9452115924100625,0.8447409567836954,0.07549999999999998
1,grayscale_15_opensource.jpg,elm_base,0.9350341547032747,0.8256920434678144,0.8989850005281864,0.8627184579811226,0.07977380952380952
1,grayscale_15_opensource.jpg,elm_final,0.9208025855585532,0.7093557835429655,0.9278717827656747,0.8368359571618613,0.08869642857142858
1,grayscale_15_opensource.jpg,nnIBS,0.9226710334597705,0.7328238338931319,0.9286086196518807,0.8430246804203712,0.08869642857142858
1,grayscale_16_housebeautiful.jpg,elm_base,0.8871705036907492,0.6941041937551746,0.8610763651067168,0.82438386991128,0.11578333333333335
1,grayscale_16_housebeautiful.jpg,elm_final,0.9204512539018259,0.848164987500169,0.9031336026922077,0.789189635952877,0.10511666666666666
1,grayscale_16_housebeautiful.jpg,nnIBS,0.8896400405657101,0.6839857107947809,0.8669871289870941,0.8230415445854016,0.1169166666666667
1,grayscale_16_oliva.jpg,elm_base,0.9215279414466724,0.6828570963664405,0.9185265925625724,0.893821032113367,0.08624031007751938
1,grayscale_16_oliva.jpg,elm_final,0.9316553881922288,0.7224731725956047,0.9357041332480122,0.8877861671918409,0.06620542635658914
1,grayscale_16_oliva.jpg,nnIBS,0.9365728083265179,0.7264463076884206,0.9397007194910795,0.9065668952587831,0.08585271317829457
1,grayscale_16_opensource.jpg,elm_base,0.9000968101988753,0.716473571772666,0.8981380315029155,0.810941346466713,0.07768333333333333
1,grayscale_16_opensource.jpg,elm_final,0.9182597675842061,0.8023183527707125,0.9091652098508607,0.8247319016116436,0.07565833333333334
1,grayscale_16_opensource.jpg,nnIBS,0.902801546255871,0.6397767152255212,0.9156483277140033,0.7922931957105334,0.08828333333333334
1,grayscale_17_oliva.jpg,elm_base,0.9234473325343059,0.8123547681415444,0.8950426556837585,0.8667040275404954,0.06792105263157895
1,grayscale_17_oliva.jpg,elm_final,0.9208368733077442,0.801505433251755,0.9026288461489191,0.8684895329453591,0.13763157894736847
1,grayscale_17_oliva.jpg,nnIBS,0.9235991576259407,0.7981880259818322,0.8920783720770497,0.8670183365637735,0.0681140350877193
1,grayscale_17_opensource.jpg,elm_base,0.9126307834240083,0.694834154960423,0.9131598862370777,0.8278917686837968,0.09760101010101009
1,grayscale_17_opensource.jpg,elm_final,0.9291442444984817,0.6691047985797614,0.9296277604009225,0.8518965017352349,0.09733333333333334
1,grayscale_17_opensource.jpg,nnIBS,0.927581393705957,0.7621711340783257,0.9095305097773756,0.8388125114708673,0.09854545454545453
1,grayscale_18_housebeautiful.jpg,elm_base,0.904331833174605,0.7401666005147043,0.9050978714954233,0.8632882008107756,0.1806287878787879
1,grayscale_18_housebeautiful.jpg,elm_final,0.9194939161239714,0.7519595154756477,0.9213777197766838,0.8593511484479386,0.08846212121212121
1,grayscale_18_housebeautiful.jpg,nnIBS,0.8997993463286871,0.6523277981771346,0.9043035081819132,0.8324458553404953,0.17506060606060606
1,grayscale_18_kitchen.jpg,elm_base,0.9315758803623179,0.6551565683449126,0.9023964285005739,0.9052000961506755,0.10820000000000002
1,grayscale_18_kitchen.jpg,elm_final,0.926962748746666,0.6900632713126823,0.9183529030544407,0.9003651286733302,0.10820000000000002
1,grayscale_18_kitchen.jpg,nnIBS,0.9292395738691053,0.6627431217369134,0.9140712433933614,0.9003651286733302,0.10820000000000002
1,grayscale_18_oliva.jpg,elm_base,0.9309740944258187,0.6958261485212791,0.9341781662570148,0.8929998203098467,0.07989444444444445
1,grayscale_18_oliva.jpg,elm_final,0.910852166754792,0.7498672419175663,0.8958936363874556,0.8537796740300824,0.12137222222222223
1,grayscale_18_oliva.jpg,nnIBS,0.9309740944258187,0.6958261485212791,0.9341781662570148,0.8929998203098467,0.07989444444444445
1,grayscale_18_opensource.jpg,elm_base,0.9454498280984961,0.8240180975203072,0.942806239940326,0.9079489275128269,0.07473188405797103
1,grayscale_18_opensource.jpg,elm_final,0.9487845718698276,0.8167755771950944,0.9445107457946114,0.8978987084179084,0.09660144927536232
1,grayscale_18_opensource.jpg,nnIBS,0.9451317467036803,0.7742797997298171,0.945107071362753,0.9079489275128269,0.07473188405797103
1,grayscale_1_housebeautiful.jpg,elm_base,0.9123488655751593,0.73188599845752,0.8991156500070493,0.842366344021762,0.12260317460317459
1,grayscale_1_housebeautiful.jpg,elm_final,0.9035035628992594,0.6805546278103533,0.9278816348259541,0.8586874228268029,0.0930079365079365
1,grayscale_1_housebeautiful.jpg,nnIBS,0.9026908478835399,0.6937150880910046,0.8965575794209079,0.8468836873287319,0.11711904761904761
1,grayscale_1_kitchen.jpg,elm_base,0.9312285982727262,0.796278385722298,0.9251117441128567,0.8488528681807372,0.08349583333333332
1,grayscale_1_kitchen.jpg,elm_final,0.9312285982727262,0.796278385722298,0.9251117441128567,0.8488528681807372,0.08349583333333332
1,grayscale_1_kitchen.jpg,nnIBS,0.9301512561210169,0.794678882664811,0.922746261220043,0.847097309285328,0.08083749999999998
1,grayscale_1_oliva.jpg,elm_base,0.8952325625826405,0.6461398405388463,0.894118820282961,0.7690953428508579,0.08316666666666667
1,grayscale_1_oliva.jpg,elm_final,0.9031101841755039,0.710457872804733,0.8992681036286094,0.8318984244300138,0.11746190476190477
1,grayscale_1_opensource.jpg,elm_base,0.9026475057790203,0.6879519582485716,0.8776100686962676,0.8191891420552289,0.06628
1,grayscale_1_opensource.jpg,elm_final,0.8961915584999219,0.6761576634559507,0.9005745940429865,0.8157392584300323,0.06786666666666667
1,grayscale_1_opensource.jpg,nnIBS,0.9041809356294489,0.65467870264976,0.881966064580333,0.8027846479437034,0.06844666666666667
1,grayscale_20_housebeautiful.jpg,elm_base,0.9384301338830001,0.7598285957853124,0.942312951644511,0.8860186735040348,0.12586991409421316
1,grayscale_20_housebeautiful.jpg,elm_final,0.9351280151531235,0.7578924938923283,0.9359303523553776,0.8835886098888283,0.12586991409421316
1,grayscale_20_housebeautiful.jpg,nnIBS,0.9384301338830001,0.7598285957853124,0.942312951644511,0.8860186735040348,0.12586991409421316
1,grayscale_20_oliva.jpg,elm_base,0.8959768271862668,0.6595461679981143,0.8724622303314389,0.815386960290188,0.1425686274509804
1,grayscale_20_oliva.jpg,elm_final,0.9281806402035115,0.8091650356139184,0.9087432785140093,0.8735106654001703,0.07381372549019607
1,grayscale_20_oliva.jpg,nnIBS,0.9107371722394975,0.7022120294365904,0.8950465427700437,0.8475387623389988,0.11516176470588235
1,grayscale_20_opensource.jpg,elm_base,0.9248742763791635,0.6508710850012783,0.942956478181236,0.8579092011038848,0.06981034482758623
1,grayscale_20_opensource.jpg,elm_final,0.9258675420857503,0.74587186038057,0.9425503337438279,0.8739447753260772,0.07752298850574715
1,grayscale_20_opensource.jpg,nnIBS,0.9248742763791635,0.6508710850012783,0.942956478181236,0.8579092011038848,0.06981034482758623
1,grayscale_21_housebeautiful.jpg,elm_base,0.8934513293448814,0.6715727566488243,0.871729985285106,0.7991001412477224,0.17373423423423423
1,grayscale_21_housebeautiful.jpg,elm_final,0.9215709638285242,0.7517069168827647,0.920233617681657,0.8670565778946993,0.08929729729729732
1,grayscale_21_housebeautiful.jpg,nnIBS,0.8889176429527654,0.6549971691822742,0.87061274019002,0.7886530822869044,0.2032117117117117
1,grayscale_21_kitchen.jpg,elm_base,0.8927195608596561,0.7324320476670876,0.8906374432001595,0.8076954424626652,0.076481981981982
1,grayscale_21_kitchen.jpg,elm_final,0.9117854706983477,0.7607577671434261,0.883290353262598,0.7905474249088563,0.10722072072072074
1,grayscale_21_kitchen.jpg,nnIBS,0.9142333796909643,0.7364768752057064,0.9067804876490136,0.8091959921213683,0.0904954954954955
1,grayscale_22_housebeautiful.jpg,elm_base,0.8732875589155674,0.7069386171074016,0.8717465971823547,0.7786217927396305,0.15257291666666667
1,grayscale_22_housebeautiful.jpg,elm_final,0.8819810687950707,0.8117670202126814,0.8638312448930768,0.8483507055538475,0.11016145833333335
1,grayscale_22_housebeautiful.jpg,nnIBS,0.8827624442547581,0.6772954210672496,0.9020092852632854,0.7930418829402279,0.08118750000000002
1,grayscale_23_housebeautiful.jpg,elm_base,0.8899001538503378,0.7158763740854042,0.8496671157243791,0.7961019934440641,0.08298039215686275
1,grayscale_23_housebeautiful.jpg,elm_final,0.9124365071421947,0.7018733444001256,0.9130410623473127,0.8035224204108234,0.07187745098039217
1,grayscale_23_housebeautiful.jpg,nnIBS,0.8892741807540129,0.7290088750219352,0.8599427914363245,0.784282161525794,0.07409803921568626
1,grayscale_23_oliva.jpg,elm_base,0.9280674995170726,0.6129231660292028,0.9287461042484908,0.8467961796173328,0.19367708333333333
1,grayscale_23_oliva.jpg,elm_final,0.8960559832626955,0.6451998885869852,0.8943413353145769,0.8412870860885233,0.14896874999999998
1,grayscale_23_oliva.jpg,nnIBS,0.9183728101331914,0.60525610757805,0.9287024457700321,0.8360296072132257,0.16097916666666667
1,grayscale_24_oliva.jpg,elm_final,0.8654489992595089,0.7844480886418139,0.8618185542272102,0.7763664137924781,0.061738095238095224
1,grayscale_27_housebeautiful.jpg,elm_base,0.889448408243585,0.6765640416589453,0.8777830433563394,0.7933644314178436,0.07940740740740741
1,grayscale_27_housebeautiful.jpg,elm_final,0.9150047231919815,0.685840055824531,0.9136253650482318,0.7772344715310021,0.08737962962962961
1,grayscale_27_housebeautiful.jpg,nnIBS,0.8809164292499889,0.6951646144232881,0.8697019125773798,0.7977298962595847,0.1069074074074074
1,grayscale_27_opensource.jpg,elm_base,0.9081488229099227,0.6399046805835836,0.870417988129508,0.8574770291548021,0.08419642857142857
1,grayscale_27_opensource.jpg,elm_final,0.9062498198482415,0.6399046805835836,0.8828140970180388,0.8574770291548021,0.08419642857142857
1,grayscale_27_opensource.jpg,nnIBS,0.9081488229099227,0.6399046805835836,0.870417988129508,0.8574770291548021,0.08419642857142857
1,grayscale_28_housebeautiful.jpg,elm_base,0.8732710935799882,0.5747318051760145,0.8665716056893666,0.8373073070434593,0.20465196078431375
1,grayscale_28_housebeautiful.jpg,elm_final,0.9262187414728078,0.8005458725753424,0.9222828929842859,0.8857173263424416,0.12133333333333332
1,grayscale_28_oliva.jpg,elm_base,0.9268767566934139,0.651900264649088,0.9398267050824337,0.8565456332850208,0.14606306306306308
1,grayscale_28_oliva.jpg,elm_final,0.9231171850560212,0.729413367294829,0.937871916983859,0.8531934991608974,0.14606306306306308
1,grayscale_28_oliva.jpg,nnIBS,0.9287523242212675,0.7438930229271489,0.9392558203359485,0.8591649713137718,0.14606306306306308
1,grayscale_29_housebeautiful.jpg,elm_base,0.8958583259199442,0.6619090393239735,0.8923519473221114,0.8375061569640346,0.1281714285714286
1,grayscale_29_housebeautiful.jpg,elm_final,0.9200055211123613,0.7227507350859934,0.9116015262111793,0.848636127426648,0.11183333333333334
1,grayscale_29_housebeautiful.jpg,nnIBS,0.8970665278779306,0.6487204840613191,0.884939547293396,0.8197329502987869,0.15004761904761907
1,grayscale_29_oliva.jpg,elm_base,0.9114130984329767,0.6978192836207747,0.9069597931829174,0.8301019208414213,0.10848148148148147
1,grayscale_29_oliva.jpg,elm_final,0.9289204155724455,0.8005396602619921,0.9229595077119667,0.875570993795752,0.08891666666666666
1,grayscale_29_oliva.jpg,nnIBS,0.9032319827718087,0.695763650907943,0.8905667397238383,0.8217771854922263,0.10485185185185185
1,grayscale_2_housebeautiful.jpg,elm_base,0.9198571095441974,0.6668436201204497,0.8994579831702373,0.8760799584342172,0.08954273504273505
1,grayscale_2_housebeautiful.jpg,elm_final,0.8954874199968927,0.6024037245921097,0.899127764592133,0.8369228405967292,0.09922649572649572
1,grayscale_2_housebeautiful.jpg,nnIBS,0.920006730876533,0.6578108081175958,0.9011652181041697,0.8703985503040457,0.08894017094017094
1,grayscale_2_oliva.jpg,elm_base,0.8892839276599959,0.6798385855087267,0.892927781322332,0.7632873793643856,0.10697000000000001
1,grayscale_2_oliva.jpg,nnIBS,0.9012413384383576,0.7064023388314014,0.9033252808515548,0.787325201034037,0.08820666666666668
1,grayscale_2_opensource.jpg,elm_final,0.9444161861288786,0.7944070336898127,0.9501312711856168,0.9102841409367964,0.09122962962962963
1,grayscale_30_housebeautiful.jpg,elm_base,0.9308361917195488,0.7048069901454339,0.9260108471638168,0.8687091782736988,0.1491
1,grayscale_30_housebeautiful.jpg,elm_final,0.912949656767595,0.6587389681979358,0.9057760630376299,0.8547352570779511,0.16973333333333337
1,grayscale_30_housebeautiful.jpg,nnIBS,0.912673474015675,0.5984860786879217,0.9139995142027331,0.8535148728800201,0.24183333333333334
1,grayscale_30_opensource.jpg,elm_final,0.9205164894641499,0.7329626291202719,0.9263570048725464,0.8398198922411706,0.07522839506172839
1,grayscale_31_oliva.jpg,elm_base,0.9229662841814188,0.6409803168080347,0.90177163131175,0.8937208094723078,0.14042857142857143
1,grayscale_31_oliva.jpg,elm_final,0.9229662841814188,0.6409803168080347,0.90177163131175,0.8937208094723078,0.14042857142857143
1,grayscale_31_oliva.jpg,nnIBS,0.9135002374783842,0.6817321119374864,0.9069691129784226,0.8723478031293106,0.15545238095238098
1,grayscale_32_opensource.jpg,elm_base,0.9128239143316239,0.7776474937777998,0.9088831868881675,0.8059657850929454,0.07718803418803419
1,grayscale_32_opensource.jpg,elm_final,0.9097600537037266,0.7213137560631322,0.9217405552452248,0.849435676248682,0.10354273504273505
1,grayscale_32_opensource.jpg,nnIBS,0.9112434217292613,0.7657011544348661,0.9156405800001978,0.7982725003265004,0.08011965811965811
1,grayscale_33_oliva.jpg,elm_base,0.9259442655114037,0.6854101913869052,0.9270124573966526,0.8796215537588647,0.18914814814814815
1,grayscale_33_oliva.jpg,elm_final,0.9116378772922137,0.6899692053263305,0.9076792738327365,0.8583666280345434,0.10799537037037038
1,grayscale_33_oliva.jpg,nnIBS,0.9291663315002601,0.6810459385085259,0.9360895411812786,0.8699816271732592,0.16192129629629629
1,grayscale_34_housebeautiful.jpg,elm_base,0.9178279044185018,0.6704327085781062,0.9182474356515752,0.8281660920612635,0.09153240740740741
1,grayscale_34_housebeautiful.jpg,elm_final,0.9438244657550974,0.7421951653080368,0.9390575079168405,0.8016299206155764,0.06823611111111111
1,grayscale_34_housebeautiful.jpg,nnIBS,0.9171957636828262,0.6900928607804271,0.9148027886397446,0.8118612014669826,0.07699074074074075
1,grayscale_34_oliva.jpg,elm_base,0.8863153383477951,0.7038856867135868,0.8854220672528929,0.770749442117342,0.1344731182795699
1,grayscale_34_oliva.jpg,elm_final,0.8924065656973441,0.7161413619827965,0.8868015287207922,0.7947926558868222,0.13860752688172043
1,grayscale_34_oliva.jpg,nnIBS,0.8879082546065002,0.7034321325142499,0.886230042804271,0.7722540509789515,0.1356290322580645
1,grayscale_35_housebeautiful.jpg,elm_base,0.9091063351889995,0.7253826345020554,0.9058422546107328,0.8438957298090757,0.07848039215686275
1,grayscale_35_housebeautiful.jpg,elm_final,0.9486971714747938,0.8214712356481927,0.9525850975821404,0.9205730091217021,0.09619607843137257
1,grayscale_35_housebeautiful.jpg,nnIBS,0.910150190873974,0.7241363012746815,0.8983009195586259,0.8403198010169974,0.07848039215686275
1,grayscale_35_oliva.jpg,elm_base,0.9002916497026425,0.6456532160119206,0.8934002597800078,0.8391608937370711,0.09113541666666666
1,grayscale_35_oliva.jpg,elm_final,0.9033219241913871,0.6507100510565628,0.8962395236323454,0.8391608937370711,0.09113541666666666
1,grayscale_35_oliva.jpg,nnIBS,0.924956701429136,0.8381334814671859,0.9109340624267662,0.867465359179614,0.10182291666666668
1,grayscale_36_housebeautiful.jpg,elm_base,0.92069402361062,0.7043527304989788,0.9146748070157971,0.8824701878793914,0.06423255813953489
1,grayscale_36_housebeautiful.jpg,elm_final,0.939281969791933,0.7486324563664964,0.9464468896518274,0.8871471783909842,0.09232558139534884
1,grayscale_36_housebeautiful.jpg,nnIBS,0.92069402361062,0.7043527304989788,0.9146748070157971,0.8824701878793914,0.06423255813953489
1,grayscale_37_oliva.jpg,elm_base,0.9106936152843385,0.6463301376555922,0.8877637719206085,0.804927076656713,0.0656190476190476
1,grayscale_37_oliva.jpg,elm_final,0.9314752074083925,0.8057926955899575,0.9228127733329294,0.8657879243828129,0.07983333333333331
1,grayscale_37_oliva.jpg,nnIBS,0.9259112373488987,0.6875475654555716,0.9182555164783933,0.8122491505615016,0.06614285714285716
1,grayscale_38_housebeautiful.jpg,elm_base,0.9063439516081158,0.7710981158064149,0.9045097541828674,0.8271167387732578,0.11629844961240313
1,grayscale_38_housebeautiful.jpg,elm_final,0.9153368434985224,0.799450460529348,0.9181778887744125,0.8399808548455627,0.10652713178294576
1,grayscale_38_housebeautiful.jpg,nnIBS,0.9218719595198418,0.7688505806115346,0.9277380702631401,0.8351198528928788,0.11787596899224807
1,grayscale_38_oliva.jpg,elm_base,0.9048253895599021,0.7207230919784403,0.8941792022876631,0.828521957509111,0.07181818181818182
1,grayscale_38_oliva.jpg,elm_final,0.925332219383085,0.7272030536002636,0.9132889967625519,0.8156826841378393,0.06688383838383838
1,grayscale_38_oliva.jpg,nnIBS,0.8968580059355116,0.6926290495463802,0.8895457532197942,0.7983451896399821,0.07113131313131311
1,grayscale_39_housebeautiful.jpg,elm_base,0.9081768208128245,0.7383647788734775,0.9221138019299989,0.8403146081873614,0.05923809523809525
1,grayscale_39_housebeautiful.jpg,elm_final,0.9284494537240151,0.8598768339627479,0.9273094718721793,0.8522357825449428,0.07988095238095239
1,grayscale_39_housebeautiful.jpg,nnIBS,0.9070267040897031,0.7382215952002696,0.9143927923594238,0.8395851522176321,0.059265873015873015
1,grayscale_3_kitchen.jpg,elm_base,0.8654445648625568,0.626124604722125,0.826743420304861,0.8109853592534583,0.09751219512195122
1,grayscale_3_kitchen.jpg,elm_final,0.9451889595543361,0.7898484461279647,0.9451240440066742,0.8863376521956765,0.05928455284552847
1,grayscale_3_kitchen.jpg,nnIBS,0.87834617167604,0.6584951013103694,0.8657666537877318,0.7984791997300033,0.107609756097561
1,grayscale_3_oliva.jpg,elm_base,0.9206951152840974,0.7523718264392025,0.9059154668919333,0.8644546981293065,0.11623456790123458
1,grayscale_3_oliva.jpg,elm_final,0.9229541316143647,0.7521018906814857,0.9178354758604298,0.868595564754306,0.11623456790123458
1,grayscale_3_oliva.jpg,nnIBS,0.9206951152840974,0.7523718264392025,0.9059154668919333,0.8644546981293065,0.11623456790123458
1,grayscale_3_other.jpg,elm_base,0.9099190892784796,0.7701826562091217,0.9040556263944046,0.8563359453016929,0.06761965811965813
1,grayscale_3_other.jpg,elm_final,0.9238361982769823,0.7444285457443003,0.9095320728829424,0.8557969218711591,0.06301282051282052
1,grayscale_3_other.jpg,nnIBS,0.9258466738364339,0.8399381279048248,0.913751755592474,0.8732616266862728,0.06223931623931623
1,grayscale_40_oliva.jpg,elm_final,0.9316250948913369,0.8661504808830223,0.8942426479749848,0.8426542140987723,0.06820238095238093
1,grayscale_40_oliva.jpg,nnIBS,0.9139971131073823,0.7620664428656115,0.9029641958908048,0.7823007701173613,0.08376190476190477
1,grayscale_42_oliva.jpg,elm_base,0.8884909778180983,0.7113412289717824,0.8698911659004145,0.8270129791583917,0.10192
1,grayscale_42_oliva.jpg,elm_final,0.909839954946091,0.739489919001633,0.8978897101979549,0.8333941887359947,0.08573333333333333
1,grayscale_42_oliva.jpg,nnIBS,0.8936226030557713,0.7184907094047442,0.8789134971280086,0.8469565948697003,0.09748666666666667
1,grayscale_43_oliva.jpg,elm_base,0.9086357126063056,0.7122230197178478,0.8808703405014809,0.8340423445339918,0.08743589743589746
1,grayscale_43_oliva.jpg,elm_final,0.9105870817919328,0.6592778368082913,0.9162110745463509,0.8574900865017165,0.08623076923076926
1,grayscale_44_oliva.jpg,elm_base,0.9324971190560986,0.7386092093050696,0.9330522173392664,0.825599952530421,0.08577192982456142
1,grayscale_44_oliva.jpg,elm_final,0.9286961364442647,0.7820613553576374,0.9330143676389246,0.8871771732544803,0.07546491228070175
1,grayscale_44_oliva.jpg,nnIBS,0.9324971190560986,0.7386092093050696,0.9330522173392664,0.825599952530421,0.08577192982456142
1,grayscale_45_oliva.jpg,elm_base,0.9029132177817507,0.6338081896278307,0.917356975244282,0.7865594780057185,0.07389393939393939
1,grayscale_45_oliva.jpg,elm_final,0.9029132177817507,0.6338081896278307,0.917356975244282,0.7865594780057185,0.07389393939393939
1,grayscale_45_oliva.jpg,nnIBS,0.9092170828053158,0.6839770279083656,0.9173552840629251,0.7965305068680001,0.07088383838383838
1,grayscale_47_oliva.jpg,elm_base,0.9309930827417698,0.8232896937050131,0.9338347494609055,0.8636033556283986,0.12761111111111112
1,grayscale_47_oliva.jpg,elm_final,0.9309930827417698,0.8232896937050131,0.9338347494609055,0.8636033556283986,0.12761111111111112
1,grayscale_47_oliva.jpg,nnIBS,0.926082684741602,0.7693415684593496,0.9257319776758298,0.8534143638503379,0.1428842592592593
1,grayscale_49_oliva.jpg,elm_base,0.9225157468418559,0.7769827791290198,0.9062742184035638,0.839971694780173,0.09520634920634921
1,grayscale_49_oliva.jpg,elm_final,0.9275389248407826,0.7716982675247304,0.8975697177591156,0.8730522888932064,0.06977777777777777
1,grayscale_49_oliva.jpg,nnIBS,0.9229700080554977,0.7496513418241347,0.9094940732616301,0.8443182924662084,0.06894444444444445
1,grayscale_4_housebeautiful.jpg,elm_base,0.9153354552380725,0.8000749491274547,0.88652457334542,0.8427523185375693,0.07478333333333334
1,grayscale_4_housebeautiful.jpg,elm_final,0.9318151554880165,0.7804855762310777,0.9126372456377971,0.8658722293063139,0.0744666666666667
1,grayscale_4_oliva.jpg,elm_base,0.8822527659556715,0.6193574531179017,0.884874433305768,0.7807883790207447,0.10640151515151518
1,grayscale_4_oliva.jpg,elm_final,0.8957452017584623,0.6504973247192586,0.9041300344747885,0.8116738854286848,0.07278787878787879
1,grayscale_4_other.jpg,elm_base,0.9226469770920807,0.7499470369681468,0.9261760455639486,0.8626900638666449,0.09745652173913041
1,grayscale_4_other.jpg,elm_final,0.9319996479511115,0.7696504931704627,0.9298676049492514,0.83779784872985,0.11357246376811593
1,grayscale_4_other.jpg,nnIBS,0.9339797550002666,0.7968789118742758,0.9183236964394217,0.8657638816877686,0.1186014492753623
1,grayscale_50_oliva.jpg,elm_base,0.9312415241977708,0.7679586093512055,0.9180607746509664,0.8854970759473727,0.07309999999999998
1,grayscale_50_oliva.jpg,elm_final,0.9397405966296906,0.6958426815609717,0.9477548297523556,0.9135532323066491,0.08449999999999999
1,grayscale_50_oliva.jpg,nnIBS,0.9379307101037636,0.777519634295483,0.9207328159970695,0.8819509827306125,0.06673333333333333
1,grayscale_52_oliva.jpg,elm_final,0.9011462739898072,0.7861855992420168,0.8763065601175023,0.8329763744180431,0.06566666666666668
1,grayscale_52_oliva.jpg,nnIBS,0.8713942365206626,0.7628312080003888,0.8218865979844556,0.7923032325752186,0.07020833333333334
1,grayscale_53_oliva.jpg,elm_base,0.9110377235709468,0.7240329529324143,0.9121828461822364,0.8714006299673234,0.2197333333333334
1,grayscale_53_oliva.jpg,elm_final,0.9480915524407532,0.8127098347696389,0.9377841352950611,0.9111781133199413,0.2823666666666667
1,grayscale_53_oliva.jpg,nnIBS,0.8947081062771485,0.7331800359665027,0.885551192649286,0.8688347037085851,0.4075333333333334
1,grayscale_54_oliva.jpg,elm_final,0.898767756001466,0.5878683721024671,0.8925306762471025,0.760943922000561,0.0996888888888889
1,grayscale_55_oliva.jpg,elm_base,0.9309101277814446,0.8210235953638744,0.9148572821326603,0.8705557096769798,0.07052777777777779
1,grayscale_55_oliva.jpg,elm_final,0.9334024633859025,0.7787904084326844,0.9283074597897326,0.8820186144251067,0.06765277777777777
1,grayscale_55_oliva.jpg,nnIBS,0.9327153120719327,0.8208862267588414,0.9210704847998105,0.8729495683465327,0.07052777777777779
1,grayscale_56_oliva.jpg,elm_base,0.9093563486998492,0.7238918073454065,0.9071996691146529,0.8411499566261889,0.08985632183908046
1,grayscale_56_oliva.jpg,elm_final,0.909375995176506,0.6811178494953368,0.8982546569478607,0.8247262838612801,0.14224137931034483
1,grayscale_56_oliva.jpg,nnIBS,0.9109908122144702,0.6426455569941695,0.9206733354427551,0.844385926981208,0.14489080459770118
1,grayscale_58_oliva.jpg,elm_final,0.9360631001001409,0.8589695685082193,0.913923819872619,0.8294483201539362,0.08840090090090089
1,grayscale_59_oliva.jpg,elm_base,0.9009586130126953,0.6929548225755798,0.9027321215556958,0.8162911761387754,0.10573611111111111
1,grayscale_59_oliva.jpg,elm_final,0.9140204315674162,0.7149771498514801,0.9167111609883855,0.8381369562699689,0.13001851851851853
1,grayscale_59_oliva.jpg,nnIBS,0.9033669862365846,0.7152046949223447,0.891959424430293,0.820711618567483,0.1043287037037037
1,grayscale_5_housebeautiful.jpg,elm_base,0.9491789275347148,0.6847628219978827,0.9525732406332068,0.9014331661326445,0.11818939393939396
1,grayscale_5_housebeautiful.jpg,elm_final,0.946297176965968,0.6847628219978827,0.9523750105064294,0.9014331661326445,0.11818939393939396
1,grayscale_5_housebeautiful.jpg,nnIBS,0.946297176965968,0.6847628219978827,0.9523750105064294,0.9014331661326445,0.11818939393939396
1,grayscale_5_oliva.jpg,elm_base,0.9286690755558721,0.7489707611172466,0.9440115405078516,0.8576663371418252,0.08570512820512821
1,grayscale_5_oliva.jpg,elm_final,0.9244133332957423,0.7298910180001373,0.9392664460113418,0.8330160534958824,0.08981410256410258
1,grayscale_5_oliva.jpg,nnIBS,0.916473509728115,0.7805170275451112,0.9022807829731292,0.8378319674671457,0.12257692307692308
1,grayscale_5_opensource.jpg,elm_base,0.8157055323552774,0.7670654474214769,0.712357504046504,0.8057768211881365,0.09448611111111112
1,grayscale_5_opensource.jpg,elm_final,0.8456641743269403,0.7744757300207529,0.7612404946446064,0.8153402329195205,0.07568055555555557
1,grayscale_5_opensource.jpg,nnIBS,0.8157055323552774,0.7670654474214769,0.712357504046504,0.8057768211881365,0.09448611111111112
1,grayscale_60_oliva.jpg,elm_final,0.9012341513808376,0.7212329097924696,0.9101141080116267,0.7854313566823522,0.09597727272727274
1,grayscale_61_oliva.jpg,elm_base,0.896731838798664,0.6892379547193469,0.9022725358503634,0.8625674968133442,0.058657657657657666
1,grayscale_61_oliva.jpg,elm_final,0.9187425781410337,0.5950642888502323,0.9375708542870627,0.7612433777938391,0.0664054054054054
1,grayscale_61_oliva.jpg,nnIBS,0.9230490059650908,0.6375199728411721,0.9332009863342123,0.8571767536052639,0.06416216216216217
1,grayscale_62_oliva.jpg,elm_base,0.9264540401974746,0.6752708699006412,0.9062145428247441,0.8669568097931687,0.08776315789473686
1,grayscale_62_oliva.jpg,elm_final,0.9189593851824822,0.5863062732184128,0.91550801621706,0.8600922665191978,0.0782543859649123
1,grayscale_62_oliva.jpg,nnIBS,0.9298595360511238,0.7169227782766285,0.9031602491586507,0.8697758555227285,0.08760526315789476
1,grayscale_63_oliva.jpg,elm_base,0.934337026665648,0.6499791366337315,0.930715836232286,0.8946244692724836,0.16115714285714286
1,grayscale_63_oliva.jpg,elm_final,0.9309142191588279,0.7089676633191409,0.9340335581296646,0.8791462566656886,0.15521904761904762
1,grayscale_63_oliva.jpg,nnIBS,0.9342609631706176,0.6880081344401581,0.9385254148756892,0.8902873663252452,0.1611
1,grayscale_64_oliva.jpg,elm_base,0.9146534757992387,0.7257900721330398,0.90800221575456,0.8763153430780912,0.15595238095238098
1,grayscale_64_oliva.jpg,elm_final,0.9156994881338204,0.6987845607509167,0.9081369708643017,0.845691485086983,0.09919841269841272
1,grayscale_64_oliva.jpg,nnIBS,0.9171655499054816,0.7641763986801203,0.8952424746759075,0.8705706585714049,0.1573055555555556
1,grayscale_65_oliva.jpg,elm_final,0.9017466525874919,0.6950602488016954,0.9087088197792293,0.7931808243587453,0.1131290322580645
1,grayscale_68_oliva.jpg,elm_final,0.9227970320604171,0.7535244779084936,0.8935470929224372,0.7766214139274379,0.08765740740740742
1,grayscale_6_airbnb.jpg,elm_base,0.9085188976738089,0.7484129622667425,0.9156957572357047,0.7997210968268659,0.07806565656565656
1,grayscale_6_airbnb.jpg,elm_final,0.9173665060345292,0.7948014134986585,0.9184392657250663,0.8228446217419256,0.0656969696969697
1,grayscale_6_airbnb.jpg,nnIBS,0.9090360686645735,0.7175892442613987,0.9008858240702703,0.7960605788047059,0.07828282828282827
1,grayscale_6_housebeautiful.jpg,elm_final,0.9089172673786117,0.7698014010449258,0.906941604751087,0.8063704984334781,0.11094230769230772
1,grayscale_6_kitchen.jpg,elm_base,0.9070801725633808,0.7141916785783753,0.9216178306407126,0.8142120857160474,0.14077083333333335
1,grayscale_6_kitchen.jpg,elm_final,0.9062771196168218,0.8054545542221121,0.9396811932669256,0.8401207237453644,0.1529375
1,grayscale_6_kitchen.jpg,nnIBS,0.9070801725633808,0.7141916785783753,0.9216178306407126,0.8142120857160474,0.14077083333333335
1,grayscale_6_oliva.jpg,elm_base,0.9419275929552585,0.7194677816961909,0.9401949276115326,0.837510342029521,0.06984761904761905
1,grayscale_6_oliva.jpg,elm_final,0.9289225484188726,0.7308337959705642,0.928880382920205,0.8366397210730447,0.08524761904761903
1,grayscale_6_oliva.jpg,nnIBS,0.9419275929552585,0.7194677816961909,0.9401949276115326,0.837510342029521,0.06984761904761905
1,grayscale_6_opensource.jpg,elm_base,0.9412020182866091,0.7291570953077655,0.9340095139447272,0.8403551813523413,0.07372222222222219
1,grayscale_6_opensource.jpg,elm_final,0.9350610120274973,0.7596359794744011,0.9382914590563212,0.8348892119367641,0.07585185185185184
1,grayscale_6_opensource.jpg,nnIBS,0.938794642052092,0.7267294519083429,0.9375841674398662,0.8461929300342736,0.07372222222222219
1,grayscale_6_other.jpg,elm_final,0.8983032193161254,0.677533799733347,0.8721244175476954,0.7968694594014,0.11968571428571428
1,grayscale_70_oliva.jpg,elm_base,0.8619035143091945,0.6606521744568071,0.8597594762576263,0.7487910418202488,0.08788666666666668
1,grayscale_70_oliva.jpg,elm_final,0.8952650845539354,0.7421035682405894,0.8899154269668993,0.75857528570074,0.08896000000000001
1,grayscale_70_oliva.jpg,nnIBS,0.8512463037392898,0.6920545964648643,0.8548830405798366,0.7426350865414963,0.10998666666666669
1,grayscale_71_oliva.jpg,elm_base,0.916156061277795,0.5940619760094014,0.9031541179894602,0.8142929244589173,0.08720512820512819
1,grayscale_71_oliva.jpg,elm_final,0.9147103117433842,0.5929962508265095,0.9136985026714128,0.8115401589896009,0.08720512820512819
1,grayscale_71_oliva.jpg,nnIBS,0.916156061277795,0.5940619760094014,0.9031541179894602,0.8142929244589173,0.08720512820512819
1,grayscale_72_oliva.jpg,elm_base,0.9325673658517346,0.6448051780658696,0.940345370268059,0.8723972153808492,0.11475833333333336
1,grayscale_72_oliva.jpg,elm_final,0.9256396433408376,0.650028106659705,0.9409893686263298,0.8723972153808492,0.11475833333333336
1,grayscale_72_oliva.jpg,nnIBS,0.9325673658517346,0.6448051780658696,0.940345370268059,0.8723972153808492,0.11475833333333336
1,grayscale_73_oliva.jpg,elm_base,0.9268541261801109,0.7070717150998438,0.9216667265251877,0.8721984983290939,0.18225000000000002
1,grayscale_73_oliva.jpg,elm_final,0.9255656854120576,0.7575182594156847,0.9180452642073639,0.8308073652733629,0.1278125
1,grayscale_73_oliva.jpg,nnIBS,0.9304996756298359,0.7810572639735764,0.9222310941334719,0.8758265725995035,0.18225000000000002
1,grayscale_74_oliva.jpg,elm_base,0.9112316583837925,0.7199571115324459,0.8835804685867009,0.8114779996032613,0.10494623655913979
1,grayscale_74_oliva.jpg,elm_final,0.9136107307110835,0.7452499053980831,0.8714894701910955,0.8308626869361231,0.10168817204301075
1,grayscale_74_oliva.jpg,nnIBS,0.9009188797036517,0.6592053530128299,0.8601684530273197,0.8062863385649474,0.10318817204301074
1,grayscale_75_oliva.jpg,elm_base,0.9118464718829982,0.7345495836262466,0.9112015941113416,0.8077083997642933,0.08865196078431374
1,grayscale_75_oliva.jpg,elm_final,0.9345335499043346,0.8246631949676617,0.9310703977854753,0.8685292090262453,0.07465196078431374
1,grayscale_75_oliva.jpg,nnIBS,0.9221294465545558,0.7604039063592107,0.91824319278785,0.839714394192053,0.0939558823529412
1,grayscale_77_oliva.jpg,elm_final,0.8998105316926673,0.6910981899820814,0.8916411034635477,0.7944193957255986,0.12040972222222224
1,grayscale_7_housebeautiful.jpg,elm_base,0.9363943055219444,0.7989572649359504,0.9069975688397275,0.8955468297242863,0.05651666666666667
1,grayscale_7_housebeautiful.jpg,elm_final,0.9334425606663512,0.6839459782579345,0.9296241552880466,0.8646661277332773,0.08785000000000001
1,grayscale_7_housebeautiful.jpg,nnIBS,0.9340560975791469,0.6731811342213228,0.9183492411498341,0.8634369137978049,0.08785000000000001
1,grayscale_7_kitchen.jpg,elm_base,0.9280710167483978,0.6391518063099674,0.9263858409367978,0.8455917448562458,0.08356372549019608
1,grayscale_7_kitchen.jpg,elm_final,0.940421874263565,0.722220194984443,0.9522760880450607,0.8733797200681723,0.07091666666666666
1,grayscale_7_kitchen.jpg,nnIBS,0.9233218875983019,0.6513186600312645,0.9207922572122909,0.830460691963743,0.084
1,grayscale_7_opensource.jpg,elm_base,0.9015435756202697,0.6845341133548445,0.8916326019599216,0.840386704240745,0.08643333333333333
1,grayscale_7_opensource.jpg,elm_final,0.9296597772323949,0.775508580393108,0.9177255997626806,0.87896501804847,0.09547777777777779
1,grayscale_81_oliva.jpg,elm_base,0.9152817639705773,0.6226237778043802,0.9276950935749954,0.8243275914997898,0.11054065040650407
1,grayscale_81_oliva.jpg,elm_final,0.9380625287467836,0.8063874235418395,0.9293802093086871,0.8932590170051173,0.0775040650406504
1,grayscale_81_oliva.jpg,nnIBS,0.8957999139732398,0.7070483166287865,0.8938717310063187,0.8487279770791402,0.12603658536585366
1,grayscale_83_oliva.jpg,elm_final,0.9169120076959622,0.6395379815198351,0.9262970237570786,0.7920216651259414,0.12634188034188037
1,grayscale_84_oliva.jpg,elm_base,0.8742675514414298,0.7403710871489075,0.8640598077672909,0.8126612236448918,0.08062121212121215
1,grayscale_84_oliva.jpg,elm_final,0.9187717149007194,0.6696896262026942,0.9261961309298038,0.8160443533024886,0.07986363636363637
1,grayscale_84_oliva.jpg,nnIBS,0.9061040260288084,0.5856370520086279,0.8895509750117121,0.8346343822407989,0.08725757575757577
1,grayscale_85_oliva.jpg,elm_base,0.8934735523438659,0.7013283717567247,0.8902167477359461,0.8104691525390948,0.06913492063492066
1,grayscale_85_oliva.jpg,elm_final,0.8976691374176605,0.708495184904201,0.9000164042483301,0.779773331250414,0.08143650793650796
1,grayscale_85_oliva.jpg,nnIBS,0.8941441415479068,0.7048844989907018,0.8857164730110973,0.7849520986794476,0.07741269841269842
1,grayscale_86_oliva.jpg,elm_base,0.9194040255401973,0.874444148790011,0.8853221307983716,0.8733502112772477,0.1318850574712644
1,grayscale_86_oliva.jpg,elm_final,0.9194040255401973,0.874444148790011,0.8853221307983716,0.8733502112772477,0.1318850574712644
1,grayscale_86_oliva.jpg,nnIBS,0.9194040255401973,0.874444148790011,0.8853221307983716,0.8733502112772477,0.1318850574712644
1,grayscale_88_oliva.jpg,elm_final,0.9188286052214272,0.6700439875634095,0.9086737841647005,0.761285760421656,0.10144444444444443
1,grayscale_89_oliva.jpg,elm_base,0.9420230476553304,0.814096194567679,0.9101091968052267,0.8631382912778459,0.07698333333333333
1,grayscale_89_oliva.jpg,elm_final,0.9344204707121204,0.7923268599500447,0.9147132320985903,0.8516626586568662,0.09271666666666666
1,grayscale_89_oliva.jpg,nnIBS,0.9420230476553304,0.814096194567679,0.9101091968052267,0.8631382912778459,0.07698333333333333
1,grayscale_8_housebeautiful.jpg,elm_base,0.9191948814645166,0.7522697914234315,0.9222164634255933,0.8543943925685922,0.07299999999999998
1,grayscale_8_housebeautiful.jpg,elm_final,0.9142408565303232,0.7632094224225713,0.9109987831975347,0.8312883449749098,0.07409523809523809
1,grayscale_8_housebeautiful.jpg,nnIBS,0.9151017014163839,0.7172653610556532,0.9065669903249356,0.8557873722516735,0.08992857142857144
1,grayscale_8_kitchen.jpg,elm_base,0.8824922614483265,0.7979784280152711,0.8278162258611039,0.8950450282170078,0.153
1,grayscale_8_kitchen.jpg,elm_final,0.9410738888542463,0.7865529059776277,0.9296975699651261,0.9058605358957571,0.15805208333333332
1,grayscale_8_kitchen.jpg,nnIBS,0.8806076017001498,0.7606859301234197,0.8290938577589704,0.8944304917925474,0.153
1,grayscale_8_oliva.jpg,elm_base,0.8729019097547694,0.6891040310775705,0.8787520515068874,0.7685317349942629,0.1307575757575758
1,grayscale_8_oliva.jpg,elm_final,0.8774179559308326,0.7402914696824016,0.8591156345988705,0.8183487504764255,0.0660606060606061
1,grayscale_8_oliva.jpg,nnIBS,0.8734391791855054,0.6719269507975864,0.8663444161669994,0.7734188308252491,0.13493939393939397
1,grayscale_8_other.jpg,elm_final,0.927432380582966,0.6973241550199227,0.9252854776243272,0.8338611381672048,0.07818627450980392
1,grayscale_92_oliva.jpg,elm_base,0.9057268746975802,0.8207968652455623,0.8776787585040047,0.8453315413575141,0.13012121212121217
1,grayscale_92_oliva.jpg,elm_final,0.9067109723165181,0.8207968652455623,0.8834728047678372,0.8453315413575141,0.13012121212121217
1,grayscale_92_oliva.jpg,nnIBS,0.9067109723165181,0.8207968652455623,0.8834728047678372,0.8453315413575141,0.13012121212121217
1,grayscale_94_oliva.jpg,elm_base,0.8933803155674004,0.640644723396973,0.8873405673002769,0.7717574181230901,0.06302450980392156
1,grayscale_94_oliva.jpg,elm_final,0.9087072219420856,0.7339655979732723,0.8895210564024608,0.8094669772892665,0.07476960784313724
1,grayscale_98_oliva.jpg,elm_final,0.9155012497965798,0.7317288474315736,0.9148642758184838,0.8330082379671657,0.1310873015873016
1,grayscale_9_kitchen.jpg,elm_base,0.9007968285987175,0.6956624638371545,0.8822655855482995,0.8597992802533517,0.08083333333333331
1,grayscale_9_kitchen.jpg,elm_final,0.875188810358609,0.6388441540840634,0.8582424744194113,0.7960582917759012,0.08083333333333331
1,grayscale_9_kitchen.jpg,nnIBS,0.9007968285987175,0.6956624638371545,0.8822655855482995,0.8597992802533517,0.08083333333333331
1,grayscale_9_other.jpg,elm_base,0.9304900936793598,0.7984019536038648,0.919568201756902,0.8617880419833032,0.0946031746031746
1,grayscale_9_other.jpg,nnIBS,0.929574301749063,0.761177103323339,0.9233919406955718,0.8526007515305817,0.09782539682539682
