Model,MSS,Image,AUC,NSS,IG,LL
center_bias,1,img212.jpg,0.6622078001741738,0.7281695260592773,0.0,-0.4783384128175145
center_bias,1,img123.jpg,0.8630489053522832,1.3243765028591967,0.0,1.2321401091656206
center_bias,1,img208.jpg,0.8187248657468766,0.9017214639424128,0.0,0.7958177683865878
center_bias,1,img099.jpg,0.795256740946565,0.8400364167496038,0.0,0.6335178616942
center_bias,1,img174.jpg,0.845668550475031,0.7583537778823909,0.0,0.931261620748226
center_bias,1,img093.jpg,0.5600772827142931,0.16358803532892435,0.0,-1.5032691976987955
center_bias,1,img156.jpg,0.7752898186577692,0.8201510316731161,0.0,0.4554419347401815
center_bias,1,img054.jpg,0.6975947110015497,0.3852267737365068,0.0,-0.2334529589494198
center_bias,1,img004.jpg,0.5466488218509062,0.38186014786325295,0.0,-1.4652877682547165
center_bias,1,img032.jpg,0.6982356866049072,0.3774345642787296,0.0,-0.24598885135585394
center_bias,1,img121.jpg,0.7677995300292969,0.33912220584219516,0.0,0.24156939303020214
center_bias,1,img168.jpg,0.6267049204508462,0.9435026884441524,0.0,-0.5598845263421844
center_bias,1,img040.jpg,0.7010591481777876,0.6585575664118011,0.0,-0.12400650768733706
center_bias,1,img022.jpg,0.603176427488335,0.4306326466101543,0.0,-0.9992734884052064
center_bias,1,img220.jpg,0.6469431482868411,0.5302435679439619,0.0,-0.6681151546089523
center_bias,1,img021.jpg,0.6829489519322663,0.7370570866970552,0.0,-0.23196915968376047
center_bias,1,img063.jpg,0.6060824383951129,0.69961437915304,0.0,-0.827243702577537
center_bias,1,img175.jpg,0.49044482845730253,0.6673001455825767,0.0,-1.8514401615365073
center_bias,1,img034.jpg,0.736172710299027,0.8906815788252197,0.0,0.14797194746889034
center_bias,1,img152.jpg,0.6167668753945876,0.2612433163566776,0.0,-0.8733886294827833
center_bias,1,img103.jpg,0.7109053796609471,2.1029106841654657,0.0,0.39686691696628823
center_bias,1,img092.jpg,0.5970686289303816,0.4460292284857971,0.0,-0.9396473437752374
center_bias,1,img061.jpg,0.630393039155822,0.4718857282024835,0.0,-0.6889522149006384
center_bias,1,img170.jpg,0.8123553162863161,0.6340903846777634,0.0,0.6296267857348743
center_bias,1,img085.jpg,0.6923214524770482,0.8541815984201061,0.0,-0.1282942006013319
center_bias,1,img200.jpg,0.5919786589278776,0.1345224141764608,0.0,-1.1610616102141782
center_bias,1,img169.jpg,0.7836888639662,0.6383584027659317,0.0,0.4807795263191096
center_bias,1,img064.jpg,0.7486054383904829,0.7723115293885553,0.0,0.2494703480163727
center_bias,1,img091.jpg,0.8072642082259769,1.1260409520124344,0.0,0.8222561204322979
center_bias,1,img146.jpg,0.6264253887802204,0.8647118109588,0.0,-0.6256219846937182
center_bias,1,img119.jpg,0.44657161359306746,0.24429508432497965,0.0,-2.3010071928827
center_bias,1,img190.jpg,0.670941281636556,0.5570808072708083,0.0,-0.4023113004485565
center_bias,1,img079.jpg,0.5832783936420358,0.2268151153709099,0.0,-1.223472434617295
center_bias,1,img112.jpg,0.6233050315681545,0.2795178408801806,0.0,-0.8260486876725269
center_bias,1,img127.jpg,0.7526593873765732,0.6962732506119828,0.0,0.266403440446574
center_bias,1,img001.jpg,0.6130060363435533,0.5208454190344274,0.0,-0.8339935803859063
center_bias,1,img235.jpg,0.7027083989322751,0.7415359734864843,0.0,-0.14777903803087994
center_bias,1,img162.jpg,0.8890903913709852,1.1539651131721638,0.0,1.3943121209899323
center_bias,1,img066.jpg,0.6641050678246242,0.5988418065717714,0.0,-0.5223686001550814
center_bias,1,img035.jpg,0.7055418938121207,0.68159555879635,0.0,-0.17517356325478406
center_bias,1,img006.jpg,0.7203381932783363,1.619233336640402,0.0,0.307418497781966
center_bias,1,img025.jpg,0.6571934868466087,0.46795229104548447,0.0,-0.5146803705266657
center_bias,1,img179.jpg,0.9147008189907322,3.754929936549413,0.0,2.415609032054578
center_bias,1,img096.jpg,0.6635445145719099,0.48109098696694624,0.0,-0.43225187858019914
center_bias,1,img031.jpg,0.842552077540645,0.8088587476191962,0.0,0.947425516818303
center_bias,1,img150.jpg,0.5887525261161951,0.9347155707388819,0.0,-0.8400929630976837
center_bias,1,img228.jpg,0.6225344090801355,0.568313876601742,0.0,-0.7715395971475377
center_bias,1,img160.jpg,0.7050394434449534,0.5317484393239378,0.0,-0.13344880933955353
center_bias,1,img236.jpg,0.5639151945681431,0.279471579016808,0.0,-1.292340677235518
center_bias,1,img055.jpg,0.7804787816768246,1.0736901007344024,0.0,0.5315712783511229
center_bias,1,img136.jpg,0.6947519692920504,0.6997118694328924,0.0,-0.15924704959169864
center_bias,1,img148.jpg,0.6511389594910638,0.17170004513964957,0.0,-0.9113112381845916
center_bias,1,img003.jpg,0.661608048705839,0.718165112064452,0.0,-0.4898039911182056
center_bias,1,img118.jpg,0.6859580188327367,1.3762034899052842,0.0,0.026167633936437618
center_bias,1,img166.jpg,0.6699412204155571,0.5779483223714572,0.0,-0.3606144769262968
center_bias,1,img080.jpg,0.6071610134101367,0.4629876876964612,0.0,-0.9569744854039777
center_bias,1,img029.jpg,0.7036408487524535,0.7709235651151364,0.0,-0.044433943452551375
center_bias,1,img068.jpg,0.7208624646423988,0.8670242458003632,0.0,0.03076985269795336
center_bias,1,img016.jpg,0.5155385905255969,0.2053967284188188,0.0,-1.7469777521023555
center_bias,1,img140.jpg,0.8361472606658936,0.8292375498129442,0.0,0.8911854239174591
center_bias,1,img135.jpg,0.641904612454501,0.7726231630997772,0.0,-0.5005608333431447
center_bias,1,img069.jpg,0.6466612864318705,0.48967150365234496,0.0,-0.6034034332538739
center_bias,1,img070.jpg,0.5094214634799833,0.43593844866581233,0.0,-1.7185350014763234
center_bias,1,img224.jpg,0.4865111330341242,0.4329346857619326,0.0,-1.8208414297159896
center_bias,1,img185.jpg,0.818897576105027,0.49387938683255467,0.0,0.6413799847317503
center_bias,1,img129.jpg,0.5929384356651735,0.2624242226270319,0.0,-1.048262621781465
center_bias,1,img011.jpg,0.7077629053195802,0.22302055396611145,0.0,-0.25289763850770536
center_bias,1,img159.jpg,0.8404248156877838,0.778595240434008,0.0,0.8981472637193633
center_bias,1,img101.jpg,0.7329754421781778,0.6067715408490805,0.0,0.0919411626974047
center_bias,1,img105.jpg,0.7513068014074256,0.40974256613514176,0.0,0.10370246260568057
center_bias,1,img095.jpg,0.7064457363552518,0.22775164902585993,0.0,-0.22313523871617316
center_bias,1,img056.jpg,0.7399583077452987,0.7530310825877788,0.0,0.21546762164625993
center_bias,1,img176.jpg,0.8863400387234158,0.9436964268199196,0.0,1.311764295523499
center_bias,1,img218.jpg,0.5778129883556107,0.653057287280404,0.0,-1.0675461491137885
center_bias,1,img030.jpg,0.6168287701076932,0.6654783344049305,0.0,-0.6943394304250298
center_bias,1,img081.jpg,0.8357914003240999,0.5217904128959459,0.0,0.7538623635820038
center_bias,1,img221.jpg,0.5985051283061211,0.18902634977652075,0.0,-1.0443657712507741
center_bias,1,img117.jpg,0.5781623759028887,0.5910678249236495,0.0,-1.1229865506013958
center_bias,1,img133.jpg,0.8151332129774475,1.8501324540557504,0.0,1.088604032856607
center_bias,1,img051.jpg,0.7058844093668275,0.1605308315757471,0.0,-0.2695942730530512
center_bias,1,img186.jpg,0.6850696573918588,0.4991840560173806,0.0,-0.29194725730989374
center_bias,1,img149.jpg,0.6919764044111655,0.25941218426295604,0.0,-0.3428892631665035
center_bias,1,img045.jpg,0.5570629119378298,0.24421403552089604,0.0,-1.3809330850048112
center_bias,1,img233.jpg,0.6383290516665314,0.9638643341166943,0.0,-0.585010775742871
center_bias,1,img184.jpg,0.8193772472805446,0.6316674002686403,0.0,0.7050434272496123
center_bias,1,img125.jpg,0.6655450574365892,0.7818104262229462,0.0,-0.3337301580989069
center_bias,1,img227.jpg,0.602097642001676,0.8259275734828962,0.0,-0.7872375523401544
center_bias,1,img216.jpg,0.8777014668782551,1.4661146009683486,0.0,1.4134076267550397
center_bias,1,img077.jpg,0.631869199969393,0.15608561258498427,0.0,-0.7790297275599861
center_bias,1,img098.jpg,0.7740776129828558,1.2361505356904463,0.0,0.6089137989060203
center_bias,1,img060.jpg,0.6786447164747449,0.35201074053251985,0.0,-0.41599538220453264
center_bias,1,img202.jpg,0.6435858931993785,1.1573437637847617,0.0,-0.4190204564962176
center_bias,1,img217.jpg,0.7508566617825397,1.1622704095906797,0.0,0.36288538033621154
center_bias,1,img138.jpg,0.7817264802720812,1.2756513602764799,0.0,0.6929491655803566
center_bias,1,img219.jpg,0.6151162632582735,0.27888395626204715,0.0,-0.8831271307848266
center_bias,1,img113.jpg,0.6582071656726656,0.07344284392086423,0.0,-0.6555790878281889
center_bias,1,img214.jpg,0.3944110817040271,0.08354827442933596,0.0,-2.7420042465099987
center_bias,1,img014.jpg,0.5522430127845357,0.2725249636890028,0.0,-1.4057602574528494
center_bias,1,img171.jpg,0.8285813953304245,0.9419439407662435,0.0,0.8611580294518262
center_bias,1,img009.jpg,0.5569131270748259,0.39872127258391177,0.0,-1.3372966786640923
center_bias,1,img147.jpg,0.7257975092551356,0.7252765862482321,0.0,0.06800433316046418
center_bias,1,img052.jpg,0.7739536539713543,0.6695120217611108,0.0,0.3875594016339247
center_bias,1,img195.jpg,0.8622363051589653,1.233772152025119,0.0,1.2792885323357281
center_bias,1,img163.jpg,0.7096338936046429,0.8525131379460509,0.0,-0.07962553611605803
center_bias,1,img229.jpg,0.8328358927419864,1.474514213834514,0.0,1.1177223093619164
center_bias,1,img074.jpg,0.8536621618119498,1.1116035063277867,0.0,1.1102345621243448
center_bias,1,img078.jpg,0.6679757830993316,0.5259094573062333,0.0,-0.4245565561514738
center_bias,1,img141.jpg,0.6537756008572049,0.5860877799332713,0.0,-0.4627082450371167
center_bias,1,img072.jpg,0.7244663333077715,0.5937320031193777,0.0,-0.007568736632991224
center_bias,1,img201.jpg,0.8486170161264358,0.7397070524637718,0.0,0.9557519246985704
center_bias,1,img062.jpg,0.7274214950033927,0.6614877997519689,0.0,0.05107053213626721
center_bias,1,img154.jpg,0.842686108180455,1.1915492960302658,0.0,1.0979514756000963
center_bias,1,img026.jpg,0.5775101986834771,0.554129078210101,0.0,-1.1243198609056755
center_bias,1,img232.jpg,0.7103139023443664,0.7925452650589715,0.0,-0.007990134425270808
center_bias,1,img002.jpg,0.5308232269868515,0.23697129302958506,0.0,-1.8880386182015179
center_bias,1,img107.jpg,0.7633660114594752,0.5986268338867782,0.0,0.17273660994933085
center_bias,1,img134.jpg,0.8616683959960938,0.7180701090132475,0.0,1.006283357725263
center_bias,1,img144.jpg,0.5165199854044802,0.769862799457712,0.0,-1.6164792815287474
center_bias,1,img231.jpg,0.6009454242282444,0.49736341231094255,0.0,-0.8806520628071606
center_bias,1,img033.jpg,0.7201569004518188,0.6705161016438468,0.0,0.013824553374835924
center_bias,1,img007.jpg,0.7337107781304254,0.9511287210139999,0.0,0.21064894098323583
center_bias,1,img086.jpg,0.7455334062122163,0.7943915968885208,0.0,0.25001516072243146
center_bias,1,img234.jpg,0.7301508219880879,1.0286551690674566,0.0,0.11275546519947967
center_bias,1,img197.jpg,0.6835481092995207,0.5363981101653418,0.0,-0.30890323426360494
center_bias,1,img142.jpg,0.8268512447296625,0.8966269786346779,0.0,0.8183460841691332
center_bias,1,img182.jpg,0.8070361080214812,1.2999197005085648,0.0,0.7336151062480021
center_bias,1,img237.jpg,0.6993464402292054,0.6710570744111787,0.0,-0.1657117551594908
center_bias,1,img111.jpg,0.8619420335636173,1.6121928668196546,0.0,1.3569323308134151
center_bias,1,img196.jpg,0.6133875625113352,0.1342106288898622,0.0,-0.9153397424094332
center_bias,1,img158.jpg,0.6806665148318515,0.7920631838817794,0.0,-0.21893034212193588
center_bias,1,img038.jpg,0.5603128245379878,0.5004487916445587,0.0,-1.2365101427318765
center_bias,1,img238.jpg,0.5426319554646811,0.17322999209418397,0.0,-1.5241461562592158
center_bias,1,img178.jpg,0.7446542984706904,0.547411031970475,0.0,0.11491140087193316
center_bias,1,img100.jpg,0.7842363975161599,0.47737214491483493,0.0,0.4081540670098428
center_bias,1,img157.jpg,0.9257571411132813,1.361733473588103,0.0,1.7695573230182833
center_bias,1,img058.jpg,0.5943885569705131,0.31483173563480277,0.0,-1.0380647074843612
center_bias,1,img225.jpg,0.5460998389867815,0.45349919674490813,0.0,-1.4243838975713237
center_bias,1,img205.jpg,0.5236911918468388,0.12817021705124987,0.0,-1.724900951195808
center_bias,1,img076.jpg,0.598983074762531,0.2525980440685644,0.0,-1.0730904625226798
center_bias,1,img143.jpg,0.7101086006413878,0.37841079412347195,0.0,-0.18073781529274496
center_bias,1,img172.jpg,0.8261496852693105,0.7091023063686528,0.0,0.7590467329503914
center_bias,1,img019.jpg,0.7846300082736544,0.7161661462202261,0.0,0.4700491140964701
center_bias,1,img187.jpg,0.6107553466850003,0.5125349099096953,0.0,-0.9274819609112822
center_bias,1,img126.jpg,0.7382012272126696,0.8973728125584904,0.0,0.2113914651919545
center_bias,1,img097.jpg,0.7333867814661085,0.49508076667210094,0.0,0.007910059093187528
center_bias,1,img132.jpg,0.5172929523352422,0.4009872858042226,0.0,-1.600322862768082
center_bias,1,img089.jpg,0.7313273417707803,1.3053390241232026,0.0,0.29972996984055983
center_bias,1,img042.jpg,0.8386910464947039,1.051121368877463,0.0,0.9808218760002594
center_bias,1,img139.jpg,0.7159325584587768,1.1419793855019154,0.0,0.1321856756539204
center_bias,1,img210.jpg,0.7451908465294463,0.9010463519909957,0.0,0.2843336723291108
center_bias,1,img082.jpg,0.6678378049616227,0.63978574021844,0.0,-0.3940155025644261
center_bias,1,img028.jpg,0.83492253197564,0.8608403108668228,0.0,0.9112674315138871
center_bias,1,img018.jpg,0.6038015499145789,0.5646280965315533,0.0,-0.9125327482555691
center_bias,1,img128.jpg,0.6774257490370008,0.452740580208759,0.0,-0.31131851467355165
center_bias,1,img145.jpg,0.5595602119324699,0.7655424931850476,0.0,-1.162975944826581
center_bias,1,img164.jpg,0.7202975009573808,0.6440119088320887,0.0,-0.01230914279588237
center_bias,1,img173.jpg,0.6949498831043537,0.43036043370700666,0.0,-0.31425271446884206
center_bias,1,img230.jpg,0.6561875308258364,1.0895554929404994,0.0,-0.3550845135354074
center_bias,1,img088.jpg,0.9174325216384159,1.718492238490026,0.0,1.8368004219434177
center_bias,1,img151.jpg,0.5845479703025213,0.15908609380223593,0.0,-1.1174714004853685
center_bias,1,img109.jpg,0.7726920006767152,0.7890862847814688,0.0,0.37931420437224583
center_bias,1,img017.jpg,0.6423513599852775,0.5321003505783521,0.0,-0.5902430335875011
center_bias,1,img106.jpg,0.732093398200141,0.2666194851372064,0.0,-0.038526725333562044
center_bias,1,img161.jpg,0.8775132539537218,0.6919924825614255,0.0,1.1150906571101549
center_bias,1,img239.jpg,0.7525415759616426,0.5817906082254128,0.0,0.19499514528259743
center_bias,1,img223.jpg,0.7134823391552515,0.8058532323081586,0.0,0.01569046976139662
center_bias,1,img131.jpg,0.6663213430901344,0.4089480148270017,0.0,-0.5064245534925856
center_bias,1,img194.jpg,0.6936002801707107,0.7786794466739085,0.0,-0.21432306023363343
center_bias,1,img047.jpg,0.6868941519250744,0.38669874735406345,0.0,-0.4085867729175713
center_bias,1,img180.jpg,0.574948619418674,0.2654302143397851,0.0,-1.1763748261126181
center_bias,1,img189.jpg,0.8390004538076894,1.0343857399808025,0.0,1.0187266091857912
center_bias,1,img010.jpg,0.5630012910630968,0.6172543264395095,0.0,-1.1563991102894742
center_bias,1,img215.jpg,0.5661676899552498,0.2750435034624219,0.0,-1.2576546378463396
center_bias,1,img213.jpg,0.6510055417341183,0.5451107722173998,0.0,-0.4760026325570822
center_bias,1,img044.jpg,0.8858832363552518,1.326652447811235,0.0,1.457020061590956
center_bias,1,img193.jpg,0.5857008497450088,1.1687858663081745,0.0,-0.8036033921286301
center_bias,1,img015.jpg,0.6190680924814684,0.29279946193537937,0.0,-0.8556397034261739
center_bias,1,img046.jpg,0.6665569591962212,0.4774620999701128,0.0,-0.43664203846989913
center_bias,1,img155.jpg,0.8970733439127604,1.1513778881663492,0.0,1.4652889192189804
center_bias,1,img043.jpg,0.7702446260828036,1.4366097785489664,0.0,0.6146758776786485
center_bias,1,img059.jpg,0.7192292150577253,0.4767055549783527,0.0,-0.05245887901806729
center_bias,1,img240.jpg,0.747200620568883,1.033005005313234,0.0,0.33050721940606903
center_bias,1,img198.jpg,0.671798360739024,0.7353976335268061,0.0,-0.36008281108940055
center_bias,1,img191.jpg,0.8925619633992513,0.8751304402155623,0.0,1.3111398036954858
center_bias,1,img013.jpg,0.6146480546368828,0.5612387003634652,0.0,-0.8695443912771027
center_bias,1,img065.jpg,0.5742382163491242,0.30204494472210885,0.0,-1.202817883405483
center_bias,1,img087.jpg,0.6634296261481167,0.5307973576269045,0.0,-0.4730792848290997
center_bias,1,img188.jpg,0.6228327829380228,0.6688296902835158,0.0,-0.7928634835332793
center_bias,1,img104.jpg,0.8716862246800984,1.6210196842628064,0.0,1.4195005068048931
center_bias,1,img177.jpg,0.7904063815162294,0.8532641641918127,0.0,0.5955167714755432
center_bias,1,img204.jpg,0.7243179829385001,0.9177442854197647,0.0,0.12988430536951692
center_bias,1,img114.jpg,0.8699620653402925,1.5678911926080639,0.0,1.4564940867221003
center_bias,1,img012.jpg,0.6144863552230013,0.49528058629076194,0.0,-0.8250978358522939
center_bias,1,img008.jpg,0.5883260722168515,0.3242420780617008,0.0,-1.121145339118624
center_bias,1,img181.jpg,0.6917476111518013,0.843397070649273,0.0,-0.09918112640519455
center_bias,1,img067.jpg,0.5607693195584726,0.3068163074565774,0.0,-1.3346056162892372
center_bias,1,img084.jpg,0.6724313516203252,0.35055137345520354,0.0,-0.4110580812978043
center_bias,1,img122.jpg,0.5380131328066302,0.8307298600965108,0.0,-1.455852166875276
center_bias,1,img090.jpg,0.6462165492151202,0.4906126519982878,0.0,-0.6087824581518188
center_bias,1,img050.jpg,0.6279650790205092,0.38658282244151576,0.0,-0.7743431761761055
center_bias,1,img083.jpg,0.5513331919079736,0.3188530782181334,0.0,-1.400991311345412
center_bias,1,img137.jpg,0.6373633464426274,0.39968666804229047,0.0,-0.8861395424868908
center_bias,1,img209.jpg,0.7116463889992862,0.7051245893059909,0.0,-0.08583851931846474
center_bias,1,img226.jpg,0.5608191779117994,0.28499841567639905,0.0,-1.4362000037804508
center_bias,1,img005.jpg,0.6293459633695929,0.5691415844725298,0.0,-0.7834272505431062
center_bias,1,img167.jpg,0.8597149932059924,1.1966045098671405,0.0,1.2226935473328002
center_bias,1,img048.jpg,0.7394031914251822,0.40417006708589986,0.0,0.03303859560518349
center_bias,1,img108.jpg,0.791018617372557,0.9615290931380164,0.0,0.5444610713321295
center_bias,1,img053.jpg,0.5692056047158143,0.24504671925755447,0.0,-1.27686824444037
center_bias,1,img071.jpg,0.8216280364990234,1.1146427541701611,0.0,0.8945321879979118
center_bias,1,img116.jpg,0.5391131499696986,0.3176777629897512,0.0,-1.5983690434678386
center_bias,1,img124.jpg,0.5766520660179029,0.5074481698987587,0.0,-1.2015860673854593
center_bias,1,img207.jpg,0.5982890489555973,0.7238152206959189,0.0,-0.9261863960665717
center_bias,1,img037.jpg,0.9360954557146345,2.1810974649698287,0.0,2.2155131788153155
center_bias,1,img199.jpg,0.6769546761781107,0.8403780094204102,0.0,-0.23961610112217
center_bias,1,img039.jpg,0.6131526782818859,0.6110914779878992,0.0,-0.7493837267381295
center_bias,1,img049.jpg,0.6620217246844139,0.2454017755018371,0.0,-0.648972275341909
center_bias,1,img222.jpg,0.5854514584056985,0.3434661381106339,0.0,-1.1250974046231146
center_bias,1,img110.jpg,0.9271144485473634,1.424036339290972,0.0,1.8175699471525464
center_bias,1,img192.jpg,0.9142862564478166,1.2007952223517906,0.0,1.6254603756924764
center_bias,1,img094.jpg,0.5967772771772692,0.6112756401831498,0.0,-0.9508704973078096
center_bias,1,img206.jpg,0.6948182853540612,0.5408113433534572,0.0,-0.21410186397146072
center_bias,1,img102.jpg,0.8899546250842865,1.2547380559728487,0.0,1.4581838171135828
center_bias,1,img024.jpg,0.5527611213929157,0.613770077789672,0.0,-1.2515466490461764
center_bias,1,img130.jpg,0.7871238988846067,0.9607692960327311,0.0,0.6365932044330205
center_bias,1,img075.jpg,0.6751228536903215,0.525679334013118,0.0,-0.41788170026859106
center_bias,1,img073.jpg,0.5986652470568476,0.6695848380610566,0.0,-0.9874666580135858
center_bias,1,img153.jpg,0.9092789306640625,1.5007929906663253,0.0,1.6859881814223043
center_bias,1,img036.jpg,0.7039648123862232,0.4068555069048222,0.0,-0.17340224347338187
center_bias,1,img023.jpg,0.6104473680839474,0.37248423537546704,0.0,-0.919342038339904
center_bias,1,img020.jpg,0.6768591056044361,0.6736567518683773,0.0,-0.28343680436255797
center_bias,1,img057.jpg,0.6688460371229384,0.23597596614515357,0.0,-0.48632514327984944
center_bias,1,img211.jpg,0.8087733495803108,0.4384076752076243,0.0,0.5182066527088146
center_bias,1,img203.jpg,0.7983447980123853,1.3709022354506164,0.0,0.8282518969503588
uniform,1,img212.jpg,0.5,0.0,0.4783384128175145,0.0
uniform,1,img123.jpg,0.5,0.0,-1.2321401091656206,0.0
uniform,1,img208.jpg,0.5,0.0,-0.7958177683865878,0.0
uniform,1,img099.jpg,0.5,0.0,-0.6335178616942,0.0
uniform,1,img174.jpg,0.5,0.0,-0.931261620748226,0.0
uniform,1,img093.jpg,0.5,0.0,1.5032691976987955,0.0
uniform,1,img156.jpg,0.5,0.0,-0.4554419347401815,0.0
uniform,1,img054.jpg,0.5,0.0,0.2334529589494198,0.0
uniform,1,img004.jpg,0.5,0.0,1.4652877682547165,0.0
uniform,1,img032.jpg,0.5,0.0,0.24598885135585394,0.0
uniform,1,img121.jpg,0.5,0.0,-0.24156939303020214,0.0
uniform,1,img168.jpg,0.5,0.0,0.5598845263421844,0.0
uniform,1,img040.jpg,0.5,0.0,0.12400650768733706,0.0
uniform,1,img022.jpg,0.5,0.0,0.9992734884052064,0.0
uniform,1,img220.jpg,0.5,0.0,0.6681151546089523,0.0
uniform,1,img021.jpg,0.5,0.0,0.23196915968376047,0.0
uniform,1,img063.jpg,0.5,0.0,0.827243702577537,0.0
uniform,1,img175.jpg,0.5,0.0,1.8514401615365073,0.0
uniform,1,img034.jpg,0.5,0.0,-0.14797194746889034,0.0
uniform,1,img152.jpg,0.5,0.0,0.8733886294827833,0.0
uniform,1,img103.jpg,0.5,0.0,-0.39686691696628823,0.0
uniform,1,img092.jpg,0.5,0.0,0.9396473437752374,0.0
uniform,1,img061.jpg,0.5,0.0,0.6889522149006384,0.0
uniform,1,img170.jpg,0.5,0.0,-0.6296267857348743,0.0
uniform,1,img085.jpg,0.5,0.0,0.1282942006013319,0.0
uniform,1,img200.jpg,0.5,0.0,1.1610616102141782,0.0
uniform,1,img169.jpg,0.5,0.0,-0.4807795263191096,0.0
uniform,1,img064.jpg,0.5,0.0,-0.2494703480163727,0.0
uniform,1,img091.jpg,0.5,0.0,-0.8222561204322979,0.0
uniform,1,img146.jpg,0.5,0.0,0.6256219846937182,0.0
uniform,1,img119.jpg,0.5,0.0,2.3010071928827,0.0
uniform,1,img190.jpg,0.5,0.0,0.4023113004485565,0.0
uniform,1,img079.jpg,0.5,0.0,1.223472434617295,0.0
uniform,1,img112.jpg,0.5,0.0,0.8260486876725269,0.0
uniform,1,img127.jpg,0.5,0.0,-0.266403440446574,0.0
uniform,1,img001.jpg,0.5,0.0,0.8339935803859063,0.0
uniform,1,img235.jpg,0.5,0.0,0.14777903803087994,0.0
uniform,1,img162.jpg,0.5,0.0,-1.3943121209899323,0.0
uniform,1,img066.jpg,0.5,0.0,0.5223686001550814,0.0
uniform,1,img035.jpg,0.5,0.0,0.17517356325478406,0.0
uniform,1,img006.jpg,0.5,0.0,-0.307418497781966,0.0
uniform,1,img025.jpg,0.5,0.0,0.5146803705266657,0.0
uniform,1,img179.jpg,0.5,0.0,-2.415609032054578,0.0
uniform,1,img096.jpg,0.5,0.0,0.43225187858019914,0.0
uniform,1,img031.jpg,0.5,0.0,-0.947425516818303,0.0
uniform,1,img150.jpg,0.5,0.0,0.8400929630976837,0.0
uniform,1,img228.jpg,0.5,0.0,0.7715395971475377,0.0
uniform,1,img160.jpg,0.5,0.0,0.13344880933955353,0.0
uniform,1,img236.jpg,0.5,0.0,1.292340677235518,0.0
uniform,1,img055.jpg,0.5,0.0,-0.5315712783511229,0.0
uniform,1,img136.jpg,0.5,0.0,0.15924704959169864,0.0
uniform,1,img148.jpg,0.5,0.0,0.9113112381845916,0.0
uniform,1,img003.jpg,0.5,0.0,0.4898039911182056,0.0
uniform,1,img118.jpg,0.5,0.0,-0.026167633936437618,0.0
uniform,1,img166.jpg,0.5,0.0,0.3606144769262968,0.0
uniform,1,img080.jpg,0.5,0.0,0.9569744854039777,0.0
uniform,1,img029.jpg,0.5,0.0,0.044433943452551375,0.0
uniform,1,img068.jpg,0.5,0.0,-0.03076985269795336,0.0
uniform,1,img016.jpg,0.5,0.0,1.7469777521023555,0.0
uniform,1,img140.jpg,0.5,0.0,-0.8911854239174591,0.0
uniform,1,img135.jpg,0.5,0.0,0.5005608333431447,0.0
uniform,1,img069.jpg,0.5,0.0,0.6034034332538739,0.0
uniform,1,img070.jpg,0.5,0.0,1.7185350014763234,0.0
uniform,1,img224.jpg,0.5,0.0,1.8208414297159896,0.0
uniform,1,img185.jpg,0.5,0.0,-0.6413799847317503,0.0
uniform,1,img129.jpg,0.5,0.0,1.048262621781465,0.0
uniform,1,img011.jpg,0.5,0.0,0.25289763850770536,0.0
uniform,1,img159.jpg,0.5,0.0,-0.8981472637193633,0.0
uniform,1,img101.jpg,0.5,0.0,-0.0919411626974047,0.0
uniform,1,img105.jpg,0.5,0.0,-0.10370246260568057,0.0
uniform,1,img095.jpg,0.5,0.0,0.22313523871617316,0.0
uniform,1,img056.jpg,0.5,0.0,-0.21546762164625993,0.0
uniform,1,img176.jpg,0.5,0.0,-1.311764295523499,0.0
uniform,1,img218.jpg,0.5,0.0,1.0675461491137885,0.0
uniform,1,img030.jpg,0.5,0.0,0.6943394304250298,0.0
uniform,1,img081.jpg,0.5,0.0,-0.7538623635820038,0.0
uniform,1,img221.jpg,0.5,0.0,1.0443657712507741,0.0
uniform,1,img117.jpg,0.5,0.0,1.1229865506013958,0.0
uniform,1,img133.jpg,0.5,0.0,-1.088604032856607,0.0
uniform,1,img051.jpg,0.5,0.0,0.2695942730530512,0.0
uniform,1,img186.jpg,0.5,0.0,0.29194725730989374,0.0
uniform,1,img149.jpg,0.5,0.0,0.3428892631665035,0.0
uniform,1,img045.jpg,0.5,0.0,1.3809330850048112,0.0
uniform,1,img233.jpg,0.5,0.0,0.585010775742871,0.0
uniform,1,img184.jpg,0.5,0.0,-0.7050434272496123,0.0
uniform,1,img125.jpg,0.5,0.0,0.3337301580989069,0.0
uniform,1,img227.jpg,0.5,0.0,0.7872375523401544,0.0
uniform,1,img216.jpg,0.5,0.0,-1.4134076267550397,0.0
uniform,1,img077.jpg,0.5,0.0,0.7790297275599861,0.0
uniform,1,img098.jpg,0.5,0.0,-0.6089137989060203,0.0
uniform,1,img060.jpg,0.5,0.0,0.41599538220453264,0.0
uniform,1,img202.jpg,0.5,0.0,0.4190204564962176,0.0
uniform,1,img217.jpg,0.5,0.0,-0.36288538033621154,0.0
uniform,1,img138.jpg,0.5,0.0,-0.6929491655803566,0.0
uniform,1,img219.jpg,0.5,0.0,0.8831271307848266,0.0
uniform,1,img113.jpg,0.5,0.0,0.6555790878281889,0.0
uniform,1,img214.jpg,0.5,0.0,2.7420042465099987,0.0
uniform,1,img014.jpg,0.5,0.0,1.4057602574528494,0.0
uniform,1,img171.jpg,0.5,0.0,-0.8611580294518262,0.0
uniform,1,img009.jpg,0.5,0.0,1.3372966786640923,0.0
uniform,1,img147.jpg,0.5,0.0,-0.06800433316046418,0.0
uniform,1,img052.jpg,0.5,0.0,-0.3875594016339247,0.0
uniform,1,img195.jpg,0.5,0.0,-1.2792885323357281,0.0
uniform,1,img163.jpg,0.5,0.0,0.07962553611605803,0.0
uniform,1,img229.jpg,0.5,0.0,-1.1177223093619164,0.0
uniform,1,img074.jpg,0.5,0.0,-1.1102345621243448,0.0
uniform,1,img078.jpg,0.5,0.0,0.4245565561514738,0.0
uniform,1,img141.jpg,0.5,0.0,0.4627082450371167,0.0
uniform,1,img072.jpg,0.5,0.0,0.007568736632991224,0.0
uniform,1,img201.jpg,0.5,0.0,-0.9557519246985704,0.0
uniform,1,img062.jpg,0.5,0.0,-0.05107053213626721,0.0
uniform,1,img154.jpg,0.5,0.0,-1.0979514756000963,0.0
uniform,1,img026.jpg,0.5,0.0,1.1243198609056755,0.0
uniform,1,img232.jpg,0.5,0.0,0.007990134425270808,0.0
uniform,1,img002.jpg,0.5,0.0,1.8880386182015179,0.0
uniform,1,img107.jpg,0.5,0.0,-0.17273660994933085,0.0
uniform,1,img134.jpg,0.5,0.0,-1.006283357725263,0.0
uniform,1,img144.jpg,0.5,0.0,1.6164792815287474,0.0
uniform,1,img231.jpg,0.5,0.0,0.8806520628071606,0.0
uniform,1,img033.jpg,0.5,0.0,-0.013824553374835924,0.0
uniform,1,img007.jpg,0.5,0.0,-0.21064894098323583,0.0
uniform,1,img086.jpg,0.5,0.0,-0.25001516072243146,0.0
uniform,1,img234.jpg,0.5,0.0,-0.11275546519947967,0.0
uniform,1,img197.jpg,0.5,0.0,0.30890323426360494,0.0
uniform,1,img142.jpg,0.5,0.0,-0.8183460841691332,0.0
uniform,1,img182.jpg,0.5,0.0,-0.7336151062480021,0.0
uniform,1,img237.jpg,0.5,0.0,0.1657117551594908,0.0
uniform,1,img111.jpg,0.5,0.0,-1.3569323308134151,0.0
uniform,1,img196.jpg,0.5,0.0,0.9153397424094332,0.0
uniform,1,img158.jpg,0.5,0.0,0.21893034212193588,0.0
uniform,1,img038.jpg,0.5,0.0,1.2365101427318765,0.0
uniform,1,img238.jpg,0.5,0.0,1.5241461562592158,0.0
uniform,1,img178.jpg,0.5,0.0,-0.11491140087193316,0.0
uniform,1,img100.jpg,0.5,0.0,-0.4081540670098428,0.0
uniform,1,img157.jpg,0.5,0.0,-1.7695573230182833,0.0
uniform,1,img058.jpg,0.5,0.0,1.0380647074843612,0.0
uniform,1,img225.jpg,0.5,0.0,1.4243838975713237,0.0
uniform,1,img205.jpg,0.5,0.0,1.724900951195808,0.0
uniform,1,img076.jpg,0.5,0.0,1.0730904625226798,0.0
uniform,1,img143.jpg,0.5,0.0,0.18073781529274496,0.0
uniform,1,img172.jpg,0.5,0.0,-0.7590467329503914,0.0
uniform,1,img019.jpg,0.5,0.0,-0.4700491140964701,0.0
uniform,1,img187.jpg,0.5,0.0,0.9274819609112822,0.0
uniform,1,img126.jpg,0.5,0.0,-0.2113914651919545,0.0
uniform,1,img097.jpg,0.5,0.0,-0.007910059093187528,0.0
uniform,1,img132.jpg,0.5,0.0,1.600322862768082,0.0
uniform,1,img089.jpg,0.5,0.0,-0.29972996984055983,0.0
uniform,1,img042.jpg,0.5,0.0,-0.9808218760002594,0.0
uniform,1,img139.jpg,0.5,0.0,-0.1321856756539204,0.0
uniform,1,img210.jpg,0.5,0.0,-0.2843336723291108,0.0
uniform,1,img082.jpg,0.5,0.0,0.3940155025644261,0.0
uniform,1,img028.jpg,0.5,0.0,-0.9112674315138871,0.0
uniform,1,img018.jpg,0.5,0.0,0.9125327482555691,0.0
uniform,1,img128.jpg,0.5,0.0,0.31131851467355165,0.0
uniform,1,img145.jpg,0.5,0.0,1.162975944826581,0.0
uniform,1,img164.jpg,0.5,0.0,0.01230914279588237,0.0
uniform,1,img173.jpg,0.5,0.0,0.31425271446884206,0.0
uniform,1,img230.jpg,0.5,0.0,0.3550845135354074,0.0
uniform,1,img088.jpg,0.5,0.0,-1.8368004219434177,0.0
uniform,1,img151.jpg,0.5,0.0,1.1174714004853685,0.0
uniform,1,img109.jpg,0.5,0.0,-0.37931420437224583,0.0
uniform,1,img017.jpg,0.5,0.0,0.5902430335875011,0.0
uniform,1,img106.jpg,0.5,0.0,0.038526725333562044,0.0
uniform,1,img161.jpg,0.5,0.0,-1.1150906571101549,0.0
uniform,1,img239.jpg,0.5,0.0,-0.19499514528259743,0.0
uniform,1,img223.jpg,0.5,0.0,-0.01569046976139662,0.0
uniform,1,img131.jpg,0.5,0.0,0.5064245534925856,0.0
uniform,1,img194.jpg,0.5,0.0,0.21432306023363343,0.0
uniform,1,img047.jpg,0.5,0.0,0.4085867729175713,0.0
uniform,1,img180.jpg,0.5,0.0,1.1763748261126181,0.0
uniform,1,img189.jpg,0.5,0.0,-1.0187266091857912,0.0
uniform,1,img010.jpg,0.5,0.0,1.1563991102894742,0.0
uniform,1,img215.jpg,0.5,0.0,1.2576546378463396,0.0
uniform,1,img213.jpg,0.5,0.0,0.4760026325570822,0.0
uniform,1,img044.jpg,0.5,0.0,-1.457020061590956,0.0
uniform,1,img193.jpg,0.5,0.0,0.8036033921286301,0.0
uniform,1,img015.jpg,0.5,0.0,0.8556397034261739,0.0
uniform,1,img046.jpg,0.5,0.0,0.43664203846989913,0.0
uniform,1,img155.jpg,0.5,0.0,-1.4652889192189804,0.0
uniform,1,img043.jpg,0.5,0.0,-0.6146758776786485,0.0
uniform,1,img059.jpg,0.5,0.0,0.05245887901806729,0.0
uniform,1,img240.jpg,0.5,0.0,-0.33050721940606903,0.0
uniform,1,img198.jpg,0.5,0.0,0.36008281108940055,0.0
uniform,1,img191.jpg,0.5,0.0,-1.3111398036954858,0.0
uniform,1,img013.jpg,0.5,0.0,0.8695443912771027,0.0
uniform,1,img065.jpg,0.5,0.0,1.202817883405483,0.0
uniform,1,img087.jpg,0.5,0.0,0.4730792848290997,0.0
uniform,1,img188.jpg,0.5,0.0,0.7928634835332793,0.0
uniform,1,img104.jpg,0.5,0.0,-1.4195005068048931,0.0
uniform,1,img177.jpg,0.5,0.0,-0.5955167714755432,0.0
uniform,1,img204.jpg,0.5,0.0,-0.12988430536951692,0.0
uniform,1,img114.jpg,0.5,0.0,-1.4564940867221003,0.0
uniform,1,img012.jpg,0.5,0.0,0.8250978358522939,0.0
uniform,1,img008.jpg,0.5,0.0,1.121145339118624,0.0
uniform,1,img181.jpg,0.5,0.0,0.09918112640519455,0.0
uniform,1,img067.jpg,0.5,0.0,1.3346056162892372,0.0
uniform,1,img084.jpg,0.5,0.0,0.4110580812978043,0.0
uniform,1,img122.jpg,0.5,0.0,1.455852166875276,0.0
uniform,1,img090.jpg,0.5,0.0,0.6087824581518188,0.0
uniform,1,img050.jpg,0.5,0.0,0.7743431761761055,0.0
uniform,1,img083.jpg,0.5,0.0,1.400991311345412,0.0
uniform,1,img137.jpg,0.5,0.0,0.8861395424868908,0.0
uniform,1,img209.jpg,0.5,0.0,0.08583851931846474,0.0
uniform,1,img226.jpg,0.5,0.0,1.4362000037804508,0.0
uniform,1,img005.jpg,0.5,0.0,0.7834272505431062,0.0
uniform,1,img167.jpg,0.5,0.0,-1.2226935473328002,0.0
uniform,1,img048.jpg,0.5,0.0,-0.03303859560518349,0.0
uniform,1,img108.jpg,0.5,0.0,-0.5444610713321295,0.0
uniform,1,img053.jpg,0.5,0.0,1.27686824444037,0.0
uniform,1,img071.jpg,0.5,0.0,-0.8945321879979118,0.0
uniform,1,img116.jpg,0.5,0.0,1.5983690434678386,0.0
uniform,1,img124.jpg,0.5,0.0,1.2015860673854593,0.0
uniform,1,img207.jpg,0.5,0.0,0.9261863960665717,0.0
uniform,1,img037.jpg,0.5,0.0,-2.2155131788153155,0.0
uniform,1,img199.jpg,0.5,0.0,0.23961610112217,0.0
uniform,1,img039.jpg,0.5,0.0,0.7493837267381295,0.0
uniform,1,img049.jpg,0.5,0.0,0.648972275341909,0.0
uniform,1,img222.jpg,0.5,0.0,1.1250974046231146,0.0
uniform,1,img110.jpg,0.5,0.0,-1.8175699471525464,0.0
uniform,1,img192.jpg,0.5,0.0,-1.6254603756924764,0.0
uniform,1,img094.jpg,0.5,0.0,0.9508704973078096,0.0
uniform,1,img206.jpg,0.5,0.0,0.21410186397146072,0.0
uniform,1,img102.jpg,0.5,0.0,-1.4581838171135828,0.0
uniform,1,img024.jpg,0.5,0.0,1.2515466490461764,0.0
uniform,1,img130.jpg,0.5,0.0,-0.6365932044330205,0.0
uniform,1,img075.jpg,0.5,0.0,0.41788170026859106,0.0
uniform,1,img073.jpg,0.5,0.0,0.9874666580135858,0.0
uniform,1,img153.jpg,0.5,0.0,-1.6859881814223043,0.0
uniform,1,img036.jpg,0.5,0.0,0.17340224347338187,0.0
uniform,1,img023.jpg,0.5,0.0,0.919342038339904,0.0
uniform,1,img020.jpg,0.5,0.0,0.28343680436255797,0.0
uniform,1,img057.jpg,0.5,0.0,0.48632514327984944,0.0
uniform,1,img211.jpg,0.5,0.0,-0.5182066527088146,0.0
uniform,1,img203.jpg,0.5,0.0,-0.8282518969503588,0.0
gold_standard,1,img212.jpg,0.842857771539143,1.5660177129544366,1.6705548644932586,1.1922164516757443
gold_standard,1,img123.jpg,0.948129408608382,3.1371869939222043,1.230932826428239,2.4630729355938596
gold_standard,1,img208.jpg,0.955745877220517,3.6487472304664696,2.1146623544020127,2.9104801227886004
gold_standard,1,img099.jpg,0.919426278582116,2.3039836579751998,1.2763786617683193,1.9098965234625183
gold_standard,1,img174.jpg,0.9188923299414479,2.811096141407534,0.7276581581368011,1.658919778885027
gold_standard,1,img093.jpg,0.8375356767457297,1.4348010376002813,2.6153757934327757,1.1121065957339806
gold_standard,1,img156.jpg,0.9243996938069662,2.6140489911698435,1.6786075651020165,2.134049499842198
gold_standard,1,img054.jpg,0.849130364978035,1.6515519346370184,1.4654459504772859,1.2319929915278658
gold_standard,1,img004.jpg,0.8966875392692664,1.9514052902813404,3.0763967563978563,1.6111089881431397
gold_standard,1,img032.jpg,0.8979068489712734,2.136493678904911,1.9420565129827474,1.6960676616268935
gold_standard,1,img121.jpg,0.9262436718410917,2.5947574386755066,1.6887272651384768,1.9302966581686791
gold_standard,1,img168.jpg,0.9383821275499131,2.745445340402312,2.840683048961936,2.2807985226197527
gold_standard,1,img040.jpg,0.8512699419052457,1.3972684112866718,1.406448300746761,1.282441793059424
gold_standard,1,img022.jpg,0.7551929329774747,0.9789315429441612,1.6015650560528463,0.6022915676476402
gold_standard,1,img220.jpg,0.7999937021179135,1.3973593166420106,1.5080970473888655,0.8399818927799131
gold_standard,1,img021.jpg,0.8319869178852465,1.3538474205355346,1.3719945378843899,1.1400253782006295
gold_standard,1,img063.jpg,0.8251369431041525,1.4040486980890543,1.8582179091930124,1.0309742066154755
gold_standard,1,img175.jpg,0.8918319895910839,2.359022103614933,3.256621754788731,1.4051815932522242
gold_standard,1,img034.jpg,0.8445350044993731,1.340141524371351,0.9769327614861977,1.124904708955088
gold_standard,1,img152.jpg,0.8197198406454771,1.2802367746956913,1.7831536526477147,0.9097650231649314
gold_standard,1,img103.jpg,0.9484888205030552,4.138050771142834,2.531524464169616,2.9283913811359046
gold_standard,1,img092.jpg,0.8532756071544451,1.7360061425425621,2.155857533367254,1.2162101895920168
gold_standard,1,img061.jpg,0.7759896525822116,1.1363055309036432,1.3084447482238246,0.6194925333231861
gold_standard,1,img170.jpg,0.9000457384453394,2.152392778378169,1.0842608943238614,1.7138876800587362
gold_standard,1,img085.jpg,0.842915402879848,1.4548706372147429,1.3109280913693253,1.1826338907679932
gold_standard,1,img200.jpg,0.9042789821583824,2.0350360276102686,3.072524929959833,1.9114633197456554
gold_standard,1,img169.jpg,0.9536088867187499,2.9958547818817913,2.360415502593786,2.841195028912895
gold_standard,1,img064.jpg,0.8614452052445688,2.353085463446472,1.239684549321084,1.489154897337457
gold_standard,1,img091.jpg,0.8341067501476834,1.5360403431231584,0.2699912593328999,1.0922473797651977
gold_standard,1,img146.jpg,0.9056024259335149,3.1539736364901048,2.880434251574776,2.2548122668810575
gold_standard,1,img119.jpg,0.9101796740937956,2.3791948545210215,4.106948151601627,1.8059409587189281
gold_standard,1,img190.jpg,0.9037579650878904,1.8209789488960315,2.3027798182662758,1.90046851781772
gold_standard,1,img079.jpg,0.8973816648591838,2.0506549040003805,2.933724988993333,1.710252554376038
gold_standard,1,img112.jpg,0.882802862759294,1.583245534481741,2.1534240619981397,1.3273753743256134
gold_standard,1,img127.jpg,0.9455387836032443,3.9692013175682734,2.3677083044418965,2.6341117448884708
gold_standard,1,img001.jpg,0.6819454750288796,0.8357774568534921,1.1591721857658113,0.3251786053799052
gold_standard,1,img235.jpg,0.7276582395916423,0.8935982665890688,0.6205041809353039,0.47272514290442386
gold_standard,1,img162.jpg,0.9533745422363282,3.2338288164797513,1.3399841271904755,2.7342962481804083
gold_standard,1,img066.jpg,0.6756537376942587,0.9897477587818436,0.7813187952786846,0.2589501951236032
gold_standard,1,img035.jpg,0.8643847883288598,1.8443192213237738,1.514552190835983,1.339378627581199
gold_standard,1,img006.jpg,0.8512907836006751,2.301991501357384,1.0635532123575187,1.370971710139485
gold_standard,1,img025.jpg,0.791034900465,1.1137789889996972,1.296780016753415,0.7820996462267489
gold_standard,1,img179.jpg,0.9513901421518038,4.962843812807421,0.7244479035557906,3.1400569356103696
gold_standard,1,img096.jpg,0.9046579139155624,2.312699511569993,2.281088739282349,1.8488368607021506
gold_standard,1,img031.jpg,0.886692994294343,1.9254778575913363,0.5463386629139403,1.4937641797322434
gold_standard,1,img150.jpg,0.8682875095881074,1.8289774144932722,2.1086834488568225,1.268590485759139
gold_standard,1,img228.jpg,0.7037330014217935,0.8903344013577766,1.1723155670285572,0.4007759698810195
gold_standard,1,img160.jpg,0.8941517879748468,1.7356659969902293,1.841873600737181,1.7084247913976276
gold_standard,1,img236.jpg,0.6962644689864405,0.9830954344929378,1.6395470028579555,0.347206325622438
gold_standard,1,img055.jpg,0.873078025624156,2.0191926606078865,0.820007675976696,1.3515789543278192
gold_standard,1,img136.jpg,0.9241585340954008,2.440820961584709,2.282520626096108,2.12327357650441
gold_standard,1,img148.jpg,0.8837467150006975,1.81788694560417,2.212557430492965,1.3012461923083738
gold_standard,1,img003.jpg,0.8752853141498073,1.9808948370149606,1.977909165246507,1.4881051741283016
gold_standard,1,img118.jpg,0.8898556137084961,1.9125438603538425,1.4035969288218944,1.4297645627583322
gold_standard,1,img166.jpg,0.8626944785082691,1.8158465232777696,1.6660805864087742,1.305466109482477
gold_standard,1,img080.jpg,0.6871045103879007,0.7579439360373453,1.2537632131109646,0.29678872770698717
gold_standard,1,img029.jpg,0.8905184667843246,2.152943153502385,1.7740895691145122,1.729655625661961
gold_standard,1,img068.jpg,0.8905588049712004,2.208440259093512,1.6389111324062033,1.6696809851041565
gold_standard,1,img016.jpg,0.7658366080414133,1.2856982649807955,2.47316698414252,0.7261892320401641
gold_standard,1,img140.jpg,0.9139279812858218,2.728767777909438,0.021729310450695424,0.9129147343681544
gold_standard,1,img135.jpg,0.9197668424278799,2.271282746198831,2.552963806453751,2.0524029731106053
gold_standard,1,img069.jpg,0.9124837475882283,2.624507687664321,2.3404624575120256,1.737059024258152
gold_standard,1,img070.jpg,0.8122444637771189,1.337061545565965,2.5552559847825527,0.8367209833062295
gold_standard,1,img224.jpg,0.749939651761948,0.8486943495576824,2.3875402622479993,0.5666988325320101
gold_standard,1,img185.jpg,0.9246821550641742,2.851308670445611,1.3711122907261033,2.0124922754578534
gold_standard,1,img129.jpg,0.8373262765387769,1.6617978043651884,2.1434722282385428,1.0952096064570778
gold_standard,1,img011.jpg,0.8814000242211336,2.1756826370742197,1.7949288023031917,1.5420311637954862
gold_standard,1,img159.jpg,0.9221696682322026,2.4287676776550047,1.165105887913142,2.0632531516325052
gold_standard,1,img101.jpg,0.8887398018304541,2.2523591305411585,1.5630200100169624,1.6549611727143672
gold_standard,1,img105.jpg,0.9402845190542716,2.9116401339337465,2.5086181219976282,2.6123205846033093
gold_standard,1,img095.jpg,0.9097322930230034,2.5305046445641612,1.3087824754548227,1.0856472367386492
gold_standard,1,img056.jpg,0.893879782754166,2.229350126576257,1.3817718835642439,1.5972395052105035
gold_standard,1,img176.jpg,0.9460644989013672,2.8178517103685135,1.1154588745516614,2.4272231700751608
gold_standard,1,img218.jpg,0.7829517483806051,1.113467569976394,1.8174748432295451,0.7499286941157565
gold_standard,1,img030.jpg,0.9296522606743706,2.24783119055948,2.863127691739739,2.1687882613147087
gold_standard,1,img081.jpg,0.9349765773551173,3.4717642434595968,1.4326635097689466,2.1865258733509503
gold_standard,1,img221.jpg,0.8599219128713624,1.8487562833638884,2.360342295147477,1.3159765238967032
gold_standard,1,img117.jpg,0.9415828091895253,2.9813339930870444,3.645338488309264,2.5223519377078683
gold_standard,1,img133.jpg,0.9108422330849226,2.3416216141295254,0.8636287561977712,1.9522327890543778
gold_standard,1,img051.jpg,0.8446838092739735,1.5818170627650965,1.448236812517593,1.1786425394645417
gold_standard,1,img186.jpg,0.8252356424105246,1.5375741642442227,1.2854317125664712,0.9934844552565776
gold_standard,1,img149.jpg,0.9268877675256916,2.9845182247163966,2.1497723346410758,1.8068830714745723
gold_standard,1,img045.jpg,0.7002125458148479,0.7996536196123029,1.812990984457436,0.432057899452625
gold_standard,1,img233.jpg,0.8450496953053028,1.5104337096366176,1.815732597120266,1.2307218213773952
gold_standard,1,img184.jpg,0.9315932540893553,2.733716587640291,1.635428043080722,2.3404714703303338
gold_standard,1,img125.jpg,0.9338597580482554,2.6865397573885077,2.7958465695511756,2.462116411452269
gold_standard,1,img227.jpg,0.7656368912699818,1.2193481523884644,1.4776320516210875,0.6903944992809332
gold_standard,1,img216.jpg,0.943997099134657,3.2265572196518004,1.2128267297300426,2.6262343564850825
gold_standard,1,img077.jpg,0.9117089188482201,2.220371445245424,2.5006082176251963,1.7215784900652098
gold_standard,1,img098.jpg,0.9526554328070748,2.5363938315966332,2.241025652436274,2.8499394513422946
gold_standard,1,img060.jpg,0.8016415587531197,1.0058716442030256,1.1935056618178292,0.7775102796132969
gold_standard,1,img202.jpg,0.7197345816511121,1.473697655093456,0.9636561181460138,0.5446356616497963
gold_standard,1,img217.jpg,0.8650679546259811,1.6719291388824955,0.8608540307540269,1.2237394110902384
gold_standard,1,img138.jpg,0.9524417555067276,3.219117080022672,1.9075166766256317,2.600465842205988
gold_standard,1,img219.jpg,0.7882835088718124,1.058696929499583,1.6919107824974005,0.808783651712574
gold_standard,1,img113.jpg,0.8846716226244731,2.1646292286893094,1.302627216122481,0.6470481282942918
gold_standard,1,img214.jpg,0.7929048971241421,1.2714163609937332,3.5357057606638973,0.7937015141538991
gold_standard,1,img014.jpg,0.6837853787444802,0.7514687051533417,1.7144035649380798,0.3086433074852307
gold_standard,1,img171.jpg,0.9262506527141519,2.620878722163393,0.9948180076112816,1.855976037063108
gold_standard,1,img009.jpg,0.7516605094064478,1.0903745212713585,1.9303788425415707,0.5930821638774785
gold_standard,1,img147.jpg,0.8503462477624847,1.3105707577307666,1.2903993176449948,1.358403650805459
gold_standard,1,img052.jpg,0.9403951178656684,2.7035564458980312,1.7102951944968592,2.0978545961307846
gold_standard,1,img195.jpg,0.9396304779312238,3.1177113057130454,1.1996745719480653,2.4789631042837934
gold_standard,1,img163.jpg,0.8062770408871508,1.177234868597842,0.9313115067251326,0.8516859706090748
gold_standard,1,img229.jpg,0.9120696113223122,2.25906601730488,0.8071303968966856,1.9248527062586025
gold_standard,1,img074.jpg,0.9663019865732344,3.977152421038949,2.248044118185438,3.358278680309783
gold_standard,1,img078.jpg,0.7850601498351418,1.4561123684842079,1.2034720989467942,0.7789155427953206
gold_standard,1,img141.jpg,0.9328572252061631,2.172294880572952,2.2543212273490663,1.79161298231195
gold_standard,1,img072.jpg,0.8298895935971512,1.456586467053152,0.9529957681259538,0.9454270314929627
gold_standard,1,img201.jpg,0.9149373365908253,2.3968426584652422,1.0379336055220467,1.9936855302206171
gold_standard,1,img062.jpg,0.828850762821485,1.2738715348659568,0.9856042856545633,1.0366748177908303
gold_standard,1,img154.jpg,0.963570349557059,3.9950972959197215,1.8299396114121802,2.927891087012277
gold_standard,1,img026.jpg,0.6951710813331643,1.1848566609792939,1.498448224124145,0.3741283632184692
gold_standard,1,img232.jpg,0.8907900894627426,2.0613096865148015,1.695427334515764,1.6874372000904934
gold_standard,1,img002.jpg,0.7745177580776852,1.282833894983418,2.6548853879571555,0.7668467697556374
gold_standard,1,img107.jpg,0.9122944915298087,2.6078553627090315,1.6380696711198939,1.8108062810692247
gold_standard,1,img134.jpg,0.9594081061226981,3.7553800412085705,1.2935220669452616,2.299805424670524
gold_standard,1,img144.jpg,0.8607252519010294,1.7110192702290503,2.9525662257800467,1.3360869442512993
gold_standard,1,img231.jpg,0.8376820055320782,1.6030583239989344,1.9442414850548462,1.0635894222476856
gold_standard,1,img033.jpg,0.8802735339094231,1.8002031367845137,1.5447893678811109,1.5586139212559467
gold_standard,1,img007.jpg,0.8922442551870194,1.974833036837688,1.3117899535610984,1.5224388945443341
gold_standard,1,img086.jpg,0.8731929223196847,1.6949697613649666,1.2099187559455353,1.459933916667967
gold_standard,1,img234.jpg,0.7736249104701943,1.15919467395495,0.4856918952748635,0.5984473604743431
gold_standard,1,img197.jpg,0.8605173653631193,1.6635850183200271,1.591935637859546,1.2830324035959406
gold_standard,1,img142.jpg,0.8893175470261346,1.71838408981833,0.736851438528846,1.5551975226979795
gold_standard,1,img182.jpg,0.9127110352196512,2.4422244700082683,1.225020327054517,1.9586354333025189
gold_standard,1,img237.jpg,0.7897384275539076,1.5787681234109359,1.0003205307122638,0.8346087755527731
gold_standard,1,img111.jpg,0.9360530128807498,3.3641754167449136,1.251518163656664,2.608450494470079
gold_standard,1,img196.jpg,0.9147289860605802,2.673693133765302,2.9732000511691945,2.057860308759762
gold_standard,1,img158.jpg,0.8545797260699789,1.643073699170642,1.482201013686122,1.263270671564186
gold_standard,1,img038.jpg,0.7810294266169612,1.1760851306423292,1.9808422398448386,0.7443320971129618
gold_standard,1,img238.jpg,0.9425327436659072,3.6351574431018387,4.1859124200071935,2.661766263747978
gold_standard,1,img178.jpg,0.8785200647840312,2.080073810542261,1.2808837845608272,1.3957951854327604
gold_standard,1,img100.jpg,0.9308672128102135,2.7779605928927023,1.6907207697467286,2.0988748367565715
gold_standard,1,img157.jpg,0.9688290574815538,3.9217525224346,0.029858071305114583,1.7994153943233977
gold_standard,1,img058.jpg,0.829960880611241,1.4105672942263499,2.0793551429752153,1.0412904354908539
gold_standard,1,img225.jpg,0.8083020763228499,1.1235246466472024,2.3343898411542834,0.91000594358296
gold_standard,1,img205.jpg,0.8378073724773036,1.6296223974094173,2.8948833281357946,1.169982376939987
gold_standard,1,img076.jpg,0.8058781608605349,1.2317681632485473,1.9406760015789644,0.8675855390562845
gold_standard,1,img143.jpg,0.8764701039432699,1.6446070203487224,1.4135015275334153,1.2327637122406705
gold_standard,1,img172.jpg,0.9278196289425804,2.9699342433976805,1.413380483059355,2.172427216009747
gold_standard,1,img019.jpg,0.9518673282199436,2.215247634531848,2.3334613288854493,2.8035104429819193
gold_standard,1,img187.jpg,0.7537843649107749,0.8737027483314144,1.5778198307743252,0.6503378698630435
gold_standard,1,img126.jpg,0.9219920757132586,2.9315083530467456,2.0336359239548916,2.245027389146846
gold_standard,1,img097.jpg,0.9239427940752657,2.3686024795960767,2.1815208544426383,2.189430913535825
gold_standard,1,img132.jpg,0.8913613066184745,2.022641826585446,3.329801237155857,1.729478374387775
gold_standard,1,img089.jpg,0.8622263819376628,1.946597647452169,0.7161327784169337,1.0158627482574933
gold_standard,1,img042.jpg,0.8853667280300391,1.9340815788482657,0.5891343082961329,1.5699561842963932
gold_standard,1,img139.jpg,0.8699503941081986,1.948899444248495,1.2524891363815542,1.3846748120354748
gold_standard,1,img210.jpg,0.8193573679758923,1.441581626848629,0.7232641099820125,1.0075977823111233
gold_standard,1,img082.jpg,0.8928099219625755,1.8391641095590865,2.0646220625950042,1.6706065600305782
gold_standard,1,img028.jpg,0.9529056125217014,2.8325270693961713,1.7242008297425981,2.635468261256485
gold_standard,1,img018.jpg,0.7282158426172983,0.9442313857762445,1.309573759280085,0.39704101102451583
gold_standard,1,img128.jpg,0.9344830195109051,2.680802866305952,2.7353293745037806,2.4240108598302297
gold_standard,1,img145.jpg,0.8887816762893919,2.108585843107026,2.353697676271965,1.1907217314453835
gold_standard,1,img164.jpg,0.8277424502721231,1.3114474458141887,1.0995811324236824,1.0872719896277998
gold_standard,1,img173.jpg,0.8645201530437095,1.7058091128368924,1.6517796581619126,1.3375269436930706
gold_standard,1,img230.jpg,0.8841149302781229,1.8771860865287702,1.9546762438415368,1.5995917303061293
gold_standard,1,img088.jpg,0.9560168220883324,3.5915181481684035,0.2734920382739429,2.110292460217361
gold_standard,1,img151.jpg,0.8981314625210234,2.216087511945681,2.97482950837927,1.8573581078939017
gold_standard,1,img109.jpg,0.9316212570351897,2.969962377139947,1.7856721171709395,2.164986321543186
gold_standard,1,img017.jpg,0.779052080293356,1.2580049581732817,1.2877789509128224,0.6975359173253207
gold_standard,1,img106.jpg,0.9050624470180935,2.2715913820037277,1.9779400476575242,1.9394133223239625
gold_standard,1,img161.jpg,0.9629842546251085,3.239293419834368,2.120253586272784,3.2353442433829382
gold_standard,1,img239.jpg,0.9209442859225803,2.5674407013128735,1.9612232026876932,2.15621834797029
gold_standard,1,img223.jpg,0.8761582755774344,1.950499418139114,1.444498363733063,1.4601888334944595
gold_standard,1,img131.jpg,0.853223196545981,1.480044510344446,1.7529770161810283,1.246552462688443
gold_standard,1,img194.jpg,0.821855059214197,1.2585741334650196,1.2033751534001322,0.9890520931664984
gold_standard,1,img047.jpg,0.7566867451194412,0.8033062901243595,1.0245432224150663,0.6159564494974952
gold_standard,1,img180.jpg,0.8703632010000724,1.6945521668864028,2.5835379351953405,1.4071631090827217
gold_standard,1,img189.jpg,0.8800040562947593,1.8032673436524889,0.40701700936911206,1.4257436185549033
gold_standard,1,img010.jpg,0.8220319747924805,1.4864077282339638,2.1373636402006255,0.9809645299111512
gold_standard,1,img215.jpg,0.7630912309603513,1.1297651659145371,1.8073544754649582,0.5496998376186185
gold_standard,1,img213.jpg,0.8728886414592482,1.7703902134882123,1.8547976147015965,1.3787949821445138
gold_standard,1,img044.jpg,0.9088658676147462,1.752326867231578,0.3025324771433953,1.7595525387343518
gold_standard,1,img193.jpg,0.8823924260215151,2.3963886042234788,2.564711690444843,1.7611082983162134
gold_standard,1,img015.jpg,0.8480448975967818,1.663566367936418,1.9656145710955542,1.1099748676693801
gold_standard,1,img046.jpg,0.7796806711699276,0.9228826999541944,1.2225562066163547,0.7859141681464553
gold_standard,1,img155.jpg,0.9657462531195745,3.918097139943073,1.9633474956226633,3.4286364148416433
gold_standard,1,img043.jpg,0.8812904203548939,1.7776971080525987,0.9023881096978338,1.5170639873764822
gold_standard,1,img059.jpg,0.7807723004174612,1.1357135860951673,0.8032575659307468,0.7507986869126794
gold_standard,1,img240.jpg,0.9131964310715885,2.3503840258757993,1.673495640008175,2.0040028594142445
gold_standard,1,img198.jpg,0.8918505278745956,1.9677472578899153,2.0553476838495874,1.6952648727601873
gold_standard,1,img191.jpg,0.9777399190266928,4.449272595973438,2.4497881145296256,3.760927918225112
gold_standard,1,img013.jpg,0.7079202626292478,0.8952205057727768,1.3449902909855207,0.47544589970841794
gold_standard,1,img065.jpg,0.6470615839195231,0.7488416907993689,1.391600529181133,0.18878264577565032
gold_standard,1,img087.jpg,0.8184777019869964,1.5017798878691277,1.4613879847841944,0.9883086999550946
gold_standard,1,img188.jpg,0.8067220480103742,1.3050841408632665,1.7050557305541931,0.9121922470209135
gold_standard,1,img104.jpg,0.8978556342957511,2.1230337041999197,0.0024181755107209363,1.421918682315614
gold_standard,1,img177.jpg,0.9632988339378722,2.5934208172586795,2.149715950555144,2.7452327220306865
gold_standard,1,img204.jpg,0.8473143125356561,1.8430485435279451,1.1767642680839834,1.3066485734535005
gold_standard,1,img114.jpg,0.9530270470513238,3.89433792906372,1.4501618373656258,2.9066559240877274
gold_standard,1,img012.jpg,0.7733238013957477,1.339127019951364,1.539264791111307,0.7141669552590132
gold_standard,1,img008.jpg,0.7885679338293567,1.2090996881379583,1.905774216910912,0.7846288777922884
gold_standard,1,img181.jpg,0.8868719728257921,1.7564082277806188,1.720259417410012,1.6210782910048174
gold_standard,1,img067.jpg,0.6981134270338173,0.9041485875084032,1.6667167690585625,0.3321111527693252
gold_standard,1,img084.jpg,0.8792528939267291,1.9064849338887455,1.8551842150093565,1.4441261337115519
gold_standard,1,img122.jpg,0.8666013518952299,1.7131779755965952,2.84098063574606,1.3851284688707837
gold_standard,1,img090.jpg,0.7435097410115307,0.9792649936011006,1.1020914120525598,0.49330895390074103
gold_standard,1,img050.jpg,0.6460497625765939,0.6743717449521489,0.9176703300109289,0.14332715383482358
gold_standard,1,img083.jpg,0.7910299634751821,1.1990819010437963,2.115272556596685,0.714281245251273
gold_standard,1,img137.jpg,0.8930467777240636,2.299038388632105,2.6443382756254667,1.7581987331385767
gold_standard,1,img209.jpg,0.7938108386587371,1.2363252181688402,0.9297212830620817,0.8438827637436168
gold_standard,1,img226.jpg,0.7899963032691661,1.2062939739489407,2.2471966910275043,0.810996687247053
gold_standard,1,img005.jpg,0.7764106749082631,1.3180127147292915,1.5145978534643327,0.7311706029212264
gold_standard,1,img167.jpg,0.8921161245504128,2.0930685766408916,0.39459520136003623,1.6172887486928365
gold_standard,1,img048.jpg,0.8080977926254271,0.9926297020801543,0.7192398663718158,0.7522784619769991
gold_standard,1,img108.jpg,0.9278436789263023,2.8242344754627724,1.5328363313423352,2.077297402674465
gold_standard,1,img053.jpg,0.7647137427732017,1.1772986043956049,1.9405083267056007,0.6636400822652303
gold_standard,1,img071.jpg,0.9464101028442382,2.8597646616090433,1.6935159891088636,2.588048177106775
gold_standard,1,img116.jpg,0.7910125902937151,1.2910444048521508,2.4032074601860516,0.8048384167182129
gold_standard,1,img124.jpg,0.8779559381190738,1.9010197834970695,2.735896532570042,1.5343104651845831
gold_standard,1,img207.jpg,0.853712955916582,1.6503340649502938,2.1403790664459175,1.2141926703793462
gold_standard,1,img037.jpg,0.9621947152273996,5.399822782915466,1.4027762598059283,3.618289438621243
gold_standard,1,img199.jpg,0.8193394529334395,1.5266820052210297,1.2292416347766895,0.9896255336545199
gold_standard,1,img039.jpg,0.8602331007149656,1.6466074199060172,2.04537336797943,1.2959896412413008
gold_standard,1,img049.jpg,0.7654428306898857,1.059315527108425,1.2049284854677789,0.5559562101258704
gold_standard,1,img222.jpg,0.7687101470859062,1.2500201691648951,1.7492413943567395,0.6241439897336245
gold_standard,1,img110.jpg,0.967265853881836,4.1009156450981035,1.7014144275581173,3.518984374710664
gold_standard,1,img192.jpg,0.9601028246757312,4.98072697854856,1.5484787426988418,3.1739391183913175
gold_standard,1,img094.jpg,0.9256620257124941,2.561404600141543,3.1088670174719497,2.157996520164139
gold_standard,1,img206.jpg,0.8643951372542698,1.6963958628208107,1.7052262817988544,1.4911244178273935
gold_standard,1,img102.jpg,0.941401252746582,3.3693232650614804,0.98249116920816,2.440674986321743
gold_standard,1,img024.jpg,0.8261082151834066,1.6227575768645854,2.2984289586854922,1.046882309639316
gold_standard,1,img130.jpg,0.9433377816942002,3.3682385485913375,1.9731075907768545,2.6097007952098745
gold_standard,1,img075.jpg,0.7585664599824528,1.189004552805261,1.019686829024621,0.60180512875603
gold_standard,1,img073.jpg,0.806789039772377,1.1064948233907714,1.9921305723072933,1.0046639142937077
gold_standard,1,img153.jpg,0.9436801893446182,2.2393165182322288,0.5267389349973984,2.2127271164197024
gold_standard,1,img036.jpg,0.8971344130787723,2.3302863998214223,1.9774233335129587,1.804021090039577
gold_standard,1,img023.jpg,0.7653173175476501,1.324558749511688,1.4575616913602816,0.5382196530203777
gold_standard,1,img020.jpg,0.8300357297744232,1.6365160306903637,1.451414014189976,1.167977209827418
gold_standard,1,img057.jpg,0.9178602006700303,2.146179462549773,2.010945505699614,1.524620362419765
gold_standard,1,img211.jpg,0.9687413533528646,3.298541496584243,2.7339240155956395,3.252130668304455
gold_standard,1,img203.jpg,0.8794893460551267,2.0296769506120764,0.7097716552215068,1.5380235521718657
